{"type":"FeatureCollection","source":"HydroBASINS Asia level 6 v1.c; Lehner & Grill (2013)","sourceUrl":"https://www.hydrosheds.org/products/hydrobasins","sourceArchiveSha256":"7131e675b93e4e0d1185fa597c966026c8fc25cb4616ab0622505fa3caf2ce2c","license":"HydroSHEDS License Agreement; see watershed-license.pdf and watershed-notice.html. Not CC BY.","modifications":"Invalid source rings repaired with GEOS make_valid; grouped by MAIN_BAS, simplified 0.001 degrees, rounded to 5 decimal places; river names assigned by OSM midstream spatial join.","aliases":{"한강":4060005050,"남한강":4060005050,"낙동강":4060003940,"금강":4060004680,"영산강":4060004500,"섬진강":4060004100,"압록강":4060005710,"두만강":4060002770,"대동강":4060005410,"청천강":4060005540,"북한강":4060005050,"임진강":4060005090},"features":[{"type":"Feature","properties":{"name":"한강","mainBas":4060005050,"memberIds":[4060005050],"sourceAreaKm2":25245.3},"geometry":{"type":"Polygon","coordinates":[[[127.86667,36.5625],[127.86912,36.56214],[127.87465,36.55659],[127.875,36.55417],[127.87149,36.55327],[127.87083,36.54583],[127.85196,36.53693],[127.84647,36.53235],[127.84527,36.51446],[127.84127,36.5093],[127.83529,36.50777],[127.82304,36.4964],[127.79705,36.49527],[127.79495,36.50346],[127.78529,36.50473],[127.78138,36.50777],[127.775,36.50833],[127.77443,36.52304],[127.7714,36.52696],[127.77027,36.53554],[127.76723,36.53946],[127.76601,36.55327],[127.75196,36.5589],[127.74388,36.5661],[127.73675,36.56723],[127.73138,36.56307],[127.72696,36.56193],[127.71888,36.55473],[127.71029,36.5536],[127.70342,36.54943],[127.68125,36.56203],[127.67721,36.5589],[127.64362,36.55777],[127.6382,36.55325],[127.63679,36.54255],[127.63333,36.54167],[127.63259,36.55345],[127.61667,36.55417],[127.61727,36.57408],[127.62415,36.57585],[127.62557,36.58138],[127.63277,36.58946],[127.63333,36.59583],[127.63576,36.59619],[127.64341,36.60381],[127.64583,36.60417],[127.64495,36.60762],[127.63529,36.6089],[127.63138,36.61193],[127.61592,36.61307],[127.61054,36.6089],[127.58455,36.60777],[127.58277,36.61471],[127.57442,36.62408],[127.55934,36.62998],[127.55777,36.63408],[127.56193,36.63946],[127.56307,36.64658],[127.5589,36.65196],[127.55777,36.66054],[127.55417,36.66667],[127.55507,36.67017],[127.56888,36.6714],[127.57279,36.67443],[127.58333,36.675],[127.58426,36.67824],[127.58966,36.67978],[127.59497,36.68366],[127.59664,36.6951],[127.61049,36.69645],[127.61551,36.70011],[127.61667,36.70417],[127.63992,36.70381],[127.64412,36.69965],[127.65659,36.70035],[127.66008,36.70381],[127.6625,36.70417],[127.6625,36.725],[127.66285,36.72742],[127.66631,36.73091],[127.66702,36.74826],[127.67048,36.75174],[127.67119,36.75659],[127.67465,36.76008],[127.67535,36.76492],[127.68298,36.77258],[127.68277,36.78971],[127.67474,36.80303],[127.68262,36.80505],[127.6839,36.81471],[127.68703,36.81875],[127.68333,36.825],[127.68298,36.83576],[127.67952,36.83924],[127.67917,36.85417],[127.68159,36.85452],[127.68714,36.86004],[127.68785,36.86492],[127.69131,36.86841],[127.69167,36.87917],[127.68508,36.87952],[127.67742,36.88715],[127.67258,36.88785],[127.66909,36.89131],[127.66424,36.89202],[127.65659,36.89965],[127.65417,36.9],[127.65452,36.91076],[127.65798,36.91424],[127.65869,36.92255],[127.65246,36.92881],[127.64758,36.92952],[127.63369,36.94338],[127.63333,36.95],[127.622,36.9587],[127.61995,36.95071],[127.61029,36.94943],[127.60221,36.94223],[127.5875,36.94167],[127.58807,36.94804],[127.5911,36.95196],[127.59223,36.96054],[127.5964,36.9676],[127.58807,36.97696],[127.5866,36.98267],[127.57279,36.9839],[127.56737,36.98842],[127.56596,36.99911],[127.5625,37.0],[127.5625,37.00417],[127.54367,37.00478],[127.53133,37.01188],[127.52284,37.01312],[127.51333,37.02137],[127.51188,37.03133],[127.50478,37.03951],[127.50337,37.04921],[127.49367,37.05062],[127.48966,37.05355],[127.46667,37.05417],[127.4589,37.04388],[127.45712,37.03693],[127.45196,37.03807],[127.44792,37.0412],[127.44241,37.03693],[127.43408,37.04223],[127.42173,37.04099],[127.41993,37.03399],[127.40612,37.03277],[127.40221,37.02973],[127.39167,37.02917],[127.3911,37.03971],[127.3839,37.04779],[127.38277,37.06471],[127.37973,37.06862],[127.37827,37.07434],[127.36752,37.07585],[127.36631,37.08159],[127.35662,37.09131],[127.35417,37.09167],[127.35351,37.0991],[127.35,37.1],[127.34544,37.10737],[127.33946,37.1089],[127.33035,37.11701],[127.3286,37.12158],[127.33277,37.12696],[127.3339,37.13408],[127.32973,37.13946],[127.3286,37.14879],[127.33677,37.15088],[127.33807,37.15927],[127.32858,37.16991],[127.31446,37.17557],[127.30533,37.1837],[127.30417,37.17917],[127.28333,37.17917],[127.28298,37.17255],[127.27742,37.16702],[127.27083,37.16667],[127.26998,37.16998],[127.26446,37.1714],[127.23971,37.19527],[127.22585,37.20085],[127.2197,37.21693],[127.21175,37.21193],[127.20342,37.21723],[127.19804,37.21307],[127.19092,37.21193],[127.18554,37.2161],[127.18002,37.21752],[127.17836,37.22399],[127.17425,37.22557],[127.16875,37.2213],[127.16471,37.22443],[127.15833,37.225],[127.14936,37.23813],[127.15769,37.24786],[127.15936,37.25342],[127.17431,37.25495],[127.17564,37.28782],[127.17148,37.2937],[127.17083,37.30417],[127.17415,37.30502],[127.175,37.30833],[127.16008,37.30798],[127.15625,37.30418],[127.15242,37.30798],[127.14583,37.30833],[127.14548,37.30588],[127.13159,37.29202],[127.12258,37.29131],[127.11838,37.28715],[127.10591,37.28785],[127.09826,37.29548],[127.09167,37.29583],[127.09105,37.30216],[127.08739,37.30717],[127.07716,37.31188],[127.06034,37.31312],[127.04799,37.32022],[127.03829,37.32163],[127.03688,37.33133],[127.03395,37.33534],[127.03333,37.34583],[127.02168,37.35085],[127.02083,37.35417],[127.01752,37.35332],[127.0161,37.34779],[127.0074,37.3382],[126.99779,37.33693],[126.98971,37.32973],[126.98125,37.32547],[126.975,37.32917],[126.96632,37.34048],[126.96175,37.34223],[126.95638,37.33807],[126.94509,37.33693],[126.9303,37.3461],[126.92917,37.34167],[126.91867,37.34228],[126.9091,37.3468],[126.90754,37.35754],[126.89663,37.35913],[126.89522,37.36883],[126.8872,37.37806],[126.88333,37.37917],[126.87832,37.39082],[126.86446,37.3911],[126.86054,37.38807],[126.85121,37.38693],[126.84943,37.39388],[126.84223,37.40612],[126.84082,37.41165],[126.83418,37.41335],[126.83277,37.41888],[126.82557,37.43112],[126.82443,37.43971],[126.81723,37.44779],[126.81582,37.45332],[126.81029,37.45473],[126.80482,37.45929],[126.80356,37.48134],[126.80061,37.48533],[126.79939,37.49894],[126.80887,37.50061],[126.81458,37.49637],[126.81972,37.50018],[126.82144,37.50634],[126.82439,37.51033],[126.82561,37.52554],[126.82144,37.53116],[126.82083,37.5375],[126.80873,37.54263],[126.8036,37.54925],[126.81307,37.56592],[126.8089,37.57279],[126.80777,37.58138],[126.8036,37.58971],[126.79127,37.603],[126.79583,37.60417],[126.79548,37.60659],[126.78996,37.61214],[126.7875,37.6125],[126.78835,37.61582],[126.79167,37.61667],[126.79202,37.61421],[126.79829,37.60798],[126.80242,37.60869],[126.81008,37.61631],[126.82745,37.61702],[126.84131,37.63091],[126.84202,37.64412],[126.84758,37.64965],[126.85242,37.65035],[126.86841,37.66631],[126.87721,37.6661],[126.88259,37.66193],[126.90638,37.66307],[126.91029,37.6661],[126.92721,37.66723],[126.93112,37.67027],[126.94075,37.67154],[126.94527,37.67696],[126.94654,37.68661],[126.95332,37.68835],[126.95538,37.6964],[126.96471,37.69527],[126.97279,37.68807],[126.98138,37.68693],[126.98529,37.6839],[126.99409,37.68369],[126.99758,37.68715],[127.00833,37.6875],[127.00896,37.69909],[127.01566,37.70081],[127.01723,37.70491],[127.01307,37.71029],[127.01184,37.7241],[126.99668,37.73002],[126.99527,37.73554],[126.99223,37.73946],[126.9911,37.75221],[126.9871,37.75737],[126.98112,37.7589],[126.97597,37.7629],[126.975,37.76667],[126.99497,37.76733],[127.01194,37.78958],[127.00889,37.79376],[127.02022,37.80617],[127.02199,37.81239],[127.0287,37.81728],[127.03549,37.81605],[127.03951,37.81312],[127.05753,37.81179],[127.0593,37.79958],[127.06874,37.80778],[127.07824,37.80324],[127.07978,37.79784],[127.08688,37.78966],[127.08866,37.78345],[127.09536,37.77855],[127.10633,37.77978],[127.1125,37.78333],[127.11492,37.78298],[127.12258,37.77535],[127.12917,37.775],[127.13002,37.77832],[127.14388,37.7839],[127.15417,37.79167],[127.16175,37.78693],[127.18232,37.78812],[127.19943,37.80612],[127.20092,37.81192],[127.21029,37.82027],[127.2241,37.82149],[127.22585,37.82832],[127.23138,37.82973],[127.23529,37.83277],[127.24495,37.83404],[127.24668,37.84082],[127.25221,37.84223],[127.26029,37.84943],[127.28159,37.85035],[127.28714,37.85588],[127.28785,37.86076],[127.29338,37.86631],[127.31492,37.86702],[127.32464,37.87671],[127.32535,37.88576],[127.32881,37.88924],[127.32917,37.90417],[127.3327,37.91035],[127.33409,37.92424],[127.34641,37.9255],[127.35377,37.9202],[127.36452,37.92854],[127.36881,37.9298],[127.38535,37.9452],[127.39583,37.94583],[127.39498,37.94915],[127.38808,37.95092],[127.3786,37.96156],[127.38424,37.97435],[127.39779,37.98693],[127.40352,37.9884],[127.4161,38.00196],[127.41723,38.01054],[127.4286,38.02279],[127.42987,38.0324],[127.44779,38.04943],[127.45,38.05],[127.44965,38.05242],[127.44619,38.05591],[127.44548,38.10588],[127.45381,38.11424],[127.45452,38.11909],[127.46005,38.12465],[127.48159,38.12535],[127.48508,38.12881],[127.48992,38.12952],[127.49548,38.13504],[127.49619,38.13992],[127.50381,38.14758],[127.50417,38.15],[127.50085,38.15085],[127.5,38.15417],[127.49162,38.15988],[127.5036,38.17279],[127.50473,38.18971],[127.50777,38.19362],[127.50923,38.19934],[127.52304,38.20057],[127.53112,38.20777],[127.53554,38.2089],[127.54165,38.214],[127.53807,38.21862],[127.5375,38.22917],[127.54388,38.22973],[127.54779,38.23277],[127.56054,38.2339],[127.56446,38.23693],[127.56998,38.23835],[127.5714,38.24388],[127.57975,38.25325],[127.58554,38.25473],[127.59362,38.26193],[127.59899,38.26331],[127.60057,38.26741],[127.5964,38.27279],[127.59548,38.28576],[127.58995,38.29131],[127.58091,38.29202],[127.57119,38.30172],[127.57048,38.32255],[127.57465,38.32674],[127.57535,38.33088],[127.56912,38.33715],[127.55174,38.33785],[127.54619,38.34338],[127.54548,38.35588],[127.54965,38.36008],[127.55035,38.36909],[127.55381,38.37258],[127.55452,38.37742],[127.55832,38.38125],[127.55246,38.38714],[127.54758,38.38785],[127.54409,38.39131],[127.53508,38.39202],[127.52742,38.39965],[127.51008,38.40035],[127.50659,38.40381],[127.50174,38.40452],[127.49826,38.40798],[127.48333,38.40833],[127.47027,38.42423],[127.44976,38.42583],[127.45351,38.43121],[127.45482,38.44018],[127.44655,38.44273],[127.44583,38.45417],[127.45346,38.45925],[127.45473,38.46888],[127.46193,38.47696],[127.46307,38.48408],[127.4589,38.48946],[127.4464,38.51446],[127.44527,38.52721],[127.4411,38.53554],[127.4339,38.54362],[127.43245,38.54929],[127.42279,38.55057],[127.4178,38.55443],[127.41582,38.54668],[127.41029,38.54527],[127.40221,38.53807],[127.4,38.5375],[127.39965,38.53992],[127.39619,38.54341],[127.39668,38.54915],[127.4,38.55],[127.40035,38.55242],[127.40798,38.56008],[127.40798,38.56909],[127.40452,38.57258],[127.40381,38.59338],[127.40832,38.59792],[127.40452,38.60174],[127.40381,38.60588],[127.40798,38.61008],[127.40869,38.62329],[127.41841,38.63298],[127.42083,38.63333],[127.42027,38.64388],[127.41723,38.64779],[127.4161,38.65638],[127.40777,38.67009],[127.4089,38.67721],[127.41193,38.68112],[127.41347,38.6871],[127.41862,38.6911],[127.42415,38.69252],[127.42597,38.6996],[127.43333,38.70417],[127.43369,38.70659],[127.43715,38.71008],[127.4375,38.74167],[127.42674,38.74202],[127.42119,38.74754],[127.42048,38.75242],[127.41285,38.76008],[127.41215,38.76421],[127.41631,38.76841],[127.41667,38.78333],[127.42304,38.7839],[127.43112,38.7911],[127.4371,38.79263],[127.4411,38.79779],[127.4428,38.80443],[127.46592,38.7911],[127.47411,38.7924],[127.4786,38.79779],[127.48013,38.80377],[127.48529,38.80777],[127.50638,38.8089],[127.51029,38.81193],[127.51995,38.81321],[127.52173,38.82016],[127.53946,38.83693],[127.54167,38.8375],[127.54202,38.86076],[127.54548,38.86424],[127.54583,38.87083],[127.55659,38.87119],[127.56079,38.87535],[127.56909,38.87465],[127.57329,38.87048],[127.59409,38.87119],[127.59758,38.87465],[127.60242,38.87535],[127.60662,38.87952],[127.63576,38.87881],[127.63995,38.87465],[127.66492,38.87535],[127.66841,38.87881],[127.68159,38.87952],[127.68508,38.88298],[127.68992,38.88369],[127.69758,38.89131],[127.70332,38.89252],[127.70417,38.89583],[127.71049,38.89522],[127.72072,38.89051],[127.72438,38.88549],[127.72595,38.87473],[127.73286,38.87978],[127.74167,38.875],[127.75242,38.87535],[127.75625,38.87915],[127.76008,38.87535],[127.77326,38.87465],[127.77745,38.87048],[127.78159,38.87119],[127.78543,38.875],[127.79131,38.86909],[127.79202,38.86421],[127.80174,38.85452],[127.80417,38.85417],[127.79522,38.83797],[127.79645,38.82284],[127.79944,38.81875],[127.79522,38.81297],[127.80355,38.80216],[127.80772,38.79383],[127.80913,38.78413],[127.81883,38.78272],[127.82701,38.77562],[127.86575,38.7744],[127.86667,38.77083],[127.8875,38.77083],[127.88835,38.76752],[127.89388,38.7661],[127.90735,38.7536],[127.91446,38.75777],[127.92304,38.7589],[127.92842,38.76307],[127.93661,38.76176],[127.9411,38.75638],[127.94257,38.75066],[127.95638,38.74943],[127.9625,38.74583],[127.96285,38.74341],[127.96631,38.73992],[127.96667,38.73333],[127.97326,38.73298],[127.97674,38.72952],[127.97917,38.72917],[127.98554,38.72973],[127.99779,38.73693],[128.00638,38.73807],[128.01862,38.74527],[128.02828,38.74654],[128.03009,38.75358],[128.04073,38.76307],[128.04912,38.76177],[128.0509,38.75481],[128.06446,38.74223],[128.07304,38.7411],[128.07696,38.73807],[128.08248,38.73665],[128.08418,38.73002],[128.08971,38.7286],[128.09362,38.72557],[128.10328,38.72429],[128.10417,38.72083],[128.10061,38.71992],[128.09943,38.69073],[128.1089,38.67842],[128.10473,38.67304],[128.10417,38.65833],[128.10502,38.65502],[128.11998,38.64915],[128.125,38.6375],[128.12465,38.62258],[128.12119,38.61909],[128.12083,38.61667],[128.12048,38.58924],[128.11702,38.58576],[128.11631,38.55591],[128.11215,38.55171],[128.11285,38.54758],[128.11631,38.54409],[128.11631,38.53508],[128.11285,38.53159],[128.11215,38.52258],[128.10869,38.51909],[128.10798,38.51424],[128.10035,38.50659],[128.1,38.5],[128.11154,38.49934],[128.1161,38.49388],[128.1178,38.48724],[128.12425,38.49223],[128.13554,38.48693],[128.14779,38.47557],[128.15417,38.475],[128.15354,38.44785],[128.14937,38.44206],[128.1508,38.4297],[128.16035,38.42146],[128.16984,38.42005],[128.17204,38.41254],[128.17702,38.40896],[128.19381,38.4077],[128.20202,38.40063],[128.21566,38.39927],[128.21788,38.39171],[128.22285,38.38813],[128.22838,38.38651],[128.22995,38.37599],[128.23548,38.37437],[128.24127,38.3702],[128.25215,38.37146],[128.25794,38.37563],[128.27146,38.37406],[128.2702,38.36035],[128.26187,38.34623],[128.26433,38.34127],[128.27405,38.33655],[128.27917,38.325],[128.29409,38.32465],[128.29758,38.32119],[128.31179,38.31995],[128.31307,38.31029],[128.32027,38.30221],[128.32083,38.26667],[128.4,38.26667],[128.40093,38.26343],[128.40822,38.26134],[128.41188,38.25633],[128.41366,38.25011],[128.41867,38.24645],[128.42701,38.24228],[128.43671,38.24087],[128.43812,38.23117],[128.44111,38.22708],[128.43688,38.2213],[128.43812,38.20617],[128.4416,38.2014],[128.43133,38.19228],[128.42511,38.19051],[128.42022,38.1838],[128.42562,38.17284],[128.43688,38.16049],[128.43861,38.15446],[128.44784,38.14645],[128.45387,38.14473],[128.46312,38.13407],[128.45895,38.12716],[128.45748,38.11752],[128.43924,38.11631],[128.43576,38.11285],[128.4125,38.1125],[128.41184,38.10507],[128.4036,38.10295],[128.40473,38.09362],[128.40777,38.08971],[128.4089,38.06862],[128.4161,38.06054],[128.41763,38.05456],[128.42279,38.05057],[128.44388,38.04943],[128.44886,38.04557],[128.45121,38.05473],[128.46054,38.0536],[128.46862,38.0464],[128.49076,38.04521],[128.49619,38.03091],[128.49965,38.02742],[128.50035,38.01841],[128.50869,38.01005],[128.50798,38.00591],[128.50452,38.00242],[128.50381,37.99341],[128.50035,37.98992],[128.49965,37.98508],[128.49619,37.98159],[128.49548,37.97255],[128.48992,37.96702],[128.48508,37.96631],[128.48159,37.96285],[128.47671,37.96214],[128.46702,37.95242],[128.46631,37.94758],[128.46215,37.94338],[128.46285,37.93508],[128.47465,37.92326],[128.47535,37.89758],[128.47881,37.89409],[128.47917,37.89167],[128.48576,37.89131],[128.49341,37.88369],[128.51076,37.88298],[128.51495,37.87881],[128.52326,37.87952],[128.53578,37.89202],[128.53992,37.89131],[128.54341,37.88785],[128.54826,37.88715],[128.56008,37.87535],[128.56998,37.87415],[128.5718,37.86706],[128.57696,37.86307],[128.58273,37.86158],[128.58333,37.84167],[128.58298,37.83924],[128.57881,37.83505],[128.57952,37.82674],[128.58298,37.82326],[128.58333,37.81667],[128.58576,37.81631],[128.59341,37.80869],[128.59583,37.80833],[128.59668,37.80502],[128.6,37.80417],[128.60059,37.77175],[128.60417,37.77083],[128.60538,37.7661],[128.62304,37.76723],[128.62696,37.77027],[128.63248,37.77168],[128.63455,37.77973],[128.63971,37.7786],[128.64779,37.7714],[128.66184,37.76577],[128.6625,37.75833],[128.66492,37.75869],[128.67258,37.76631],[128.67742,37.76702],[128.68162,37.77119],[128.68576,37.77048],[128.68924,37.76702],[128.70242,37.76631],[128.71008,37.75869],[128.7125,37.75833],[128.71335,37.75502],[128.71998,37.75332],[128.72172,37.74654],[128.73138,37.74527],[128.73529,37.74223],[128.74167,37.74167],[128.74228,37.71451],[128.74938,37.70633],[128.75062,37.69784],[128.76277,37.67595],[128.75064,37.67418],[128.73395,37.65633],[128.73272,37.64367],[128.72909,37.63871],[128.73657,37.63657],[128.73843,37.63009],[128.74383,37.62855],[128.75753,37.61605],[128.77716,37.61728],[128.78958,37.62444],[128.79367,37.62145],[128.81583,37.62015],[128.82022,37.61466],[128.82145,37.61034],[128.82855,37.60216],[128.82917,37.5875],[128.84409,37.58715],[128.85591,37.57535],[128.86992,37.57562],[128.8718,37.58294],[128.8875,37.59167],[128.88835,37.58835],[128.89167,37.5875],[128.8965,37.57706],[128.9035,37.56878],[128.90494,37.53725],[128.91233,37.54233],[128.91878,37.541],[128.93316,37.53267],[128.94794,37.534],[128.954,37.53817],[128.96171,37.53657],[128.96285,37.50174],[128.96631,37.49826],[128.96702,37.49341],[128.97048,37.48992],[128.97083,37.4875],[128.97048,37.48091],[128.96285,37.47326],[128.96285,37.46841],[128.96665,37.46458],[128.96285,37.46076],[128.96215,37.45591],[128.95869,37.45242],[128.95869,37.44338],[128.96424,37.43785],[128.96909,37.43715],[128.97258,37.43369],[128.98138,37.43277],[128.98529,37.42973],[128.9991,37.42851],[129.00057,37.41862],[129.0036,37.41471],[129.00473,37.40612],[129.00777,37.40221],[129.00904,37.39255],[129.0125,37.39167],[129.01215,37.35591],[129.00869,37.35242],[129.00798,37.34758],[128.99548,37.33505],[128.99619,37.31838],[129.00174,37.31285],[129.00662,37.31214],[129.01215,37.30659],[129.0125,37.3],[129.00494,37.29925],[129.00354,37.28681],[129.01193,37.27708],[129.0048,37.26881],[129.00342,37.25499],[128.99248,37.25336],[128.99104,37.24369],[128.98687,37.2371],[128.99108,37.23125],[128.9879,37.22683],[128.98294,37.22437],[128.97708,37.22858],[128.97298,37.22563],[128.96349,37.22422],[128.9625,37.22083],[128.93091,37.22048],[128.92742,37.21702],[128.92258,37.21631],[128.91909,37.21285],[128.91667,37.2125],[128.91631,37.20591],[128.91285,37.20242],[128.9125,37.2],[128.91285,37.18508],[128.91702,37.18088],[128.91631,37.17674],[128.91251,37.17292],[128.91702,37.16838],[128.91631,37.16005],[128.90659,37.15035],[128.9,37.15],[128.90057,37.13946],[128.90473,37.13408],[128.9036,37.12696],[128.89943,37.12158],[128.90074,37.11338],[128.90748,37.11165],[128.9093,37.10456],[128.91446,37.10057],[128.91998,37.09915],[128.92048,37.08924],[128.91702,37.08576],[128.91631,37.07674],[128.91285,37.07326],[128.9125,37.07083],[128.91008,37.07048],[128.89619,37.05662],[128.89583,37.05],[128.88924,37.05035],[128.88576,37.05381],[128.86495,37.05452],[128.86042,37.05001],[128.85659,37.05381],[128.85174,37.05452],[128.84826,37.05798],[128.84167,37.05833],[128.84082,37.06165],[128.8375,37.0625],[128.83665,37.05918],[128.83112,37.05777],[128.82304,37.05057],[128.81446,37.04943],[128.80638,37.04223],[128.79675,37.04096],[128.79223,37.03554],[128.7907,37.02956],[128.78554,37.02557],[128.77917,37.025],[128.77826,37.02854],[128.75612,37.02973],[128.72721,37.04527],[128.71592,37.0464],[128.70833,37.04167],[128.70798,37.03924],[128.70035,37.03159],[128.7,37.02083],[128.67696,37.0214],[128.67304,37.02443],[128.66029,37.02557],[128.65638,37.0286],[128.64073,37.02973],[128.63138,37.0214],[128.61862,37.02027],[128.61471,37.01723],[128.60505,37.01596],[128.60417,37.0125],[128.60085,37.01165],[128.6,37.00833],[128.59758,37.00869],[128.58992,37.01631],[128.56841,37.01631],[128.54409,36.99202],[128.51841,36.99131],[128.51492,36.98785],[128.5125,36.9875],[128.51215,36.97671],[128.50659,36.97119],[128.50174,36.97048],[128.49826,36.96702],[128.49341,36.96631],[128.48992,36.96285],[128.48091,36.96215],[128.47742,36.95869],[128.47258,36.95798],[128.46909,36.95452],[128.46667,36.95417],[128.46631,36.95174],[128.46285,36.94826],[128.46214,36.93921],[128.45659,36.93369],[128.45174,36.93298],[128.44826,36.92952],[128.44167,36.92917],[128.44231,36.92287],[128.44523,36.91875],[128.44231,36.91463],[128.44102,36.9062],[128.43398,36.89797],[128.43237,36.89263],[128.42436,36.89022],[128.42577,36.87577],[128.44064,36.87426],[128.44202,36.86841],[128.44548,36.86492],[128.44619,36.85591],[128.44965,36.85242],[128.45,36.85],[128.44668,36.84915],[128.44527,36.84362],[128.44127,36.83847],[128.43418,36.83665],[128.4286,36.82279],[128.41983,36.81312],[128.39925,36.81193],[128.39388,36.8161],[128.3824,36.81723],[128.37304,36.8089],[128.36752,36.80748],[128.36667,36.80417],[128.28924,36.80452],[128.28576,36.80798],[128.28091,36.80869],[128.26909,36.82048],[128.25174,36.82119],[128.24792,36.82499],[128.24375,36.82085],[128.23992,36.82465],[128.22745,36.82535],[128.22326,36.82119],[128.21667,36.82083],[128.21667,36.8125],[128.21054,36.8161],[128.20196,36.81723],[128.19804,36.82027],[128.16029,36.8214],[128.13971,36.83693],[128.13455,36.83807],[128.13248,36.83002],[128.11862,36.82443],[128.10925,36.81608],[128.10748,36.80918],[128.10196,36.80777],[128.08651,36.79943],[128.07174,36.81315],[128.07083,36.81667],[128.05833,36.81667],[128.05777,36.81029],[128.05473,36.80638],[128.0536,36.79362],[128.0464,36.78554],[128.04527,36.77279],[128.03277,36.75932],[128.034,36.74673],[128.03971,36.74527],[128.04779,36.73807],[128.05332,36.73665],[128.05502,36.73002],[128.06185,36.72826],[128.0754,36.71367],[128.07083,36.7125],[128.07083,36.70833],[128.04779,36.7089],[128.03971,36.7161],[128.03138,36.72027],[128.02172,36.72154],[128.02001,36.72819],[128.01573,36.72973],[128.00638,36.7214],[127.99779,36.72027],[127.99388,36.71723],[127.98656,36.7161],[127.97721,36.72443],[127.97279,36.72557],[127.9595,36.7379],[127.95777,36.73112],[127.95057,36.71888],[127.95,36.70417],[127.95443,36.70303],[127.95057,36.69804],[127.94934,36.68423],[127.94252,36.68248],[127.9407,36.6754],[127.93554,36.6714],[127.9289,36.6697],[127.93277,36.66471],[127.93404,36.65505],[127.9375,36.65417],[127.93715,36.64341],[127.93369,36.63992],[127.93298,36.62258],[127.92535,36.61492],[127.92464,36.60588],[127.91909,36.60035],[127.90833,36.6],[127.90745,36.59654],[127.89779,36.59527],[127.89388,36.59223],[127.88333,36.59167],[127.88298,36.58088],[127.87742,36.57535],[127.87254,36.57464],[127.86702,36.56909],[127.86667,36.5625]],[[127.44208,38.74284],[127.43871,38.7464],[127.4375,38.74167],[127.44208,38.74284]]]}},{"type":"Feature","properties":{"name":"낙동강","mainBas":4060003940,"memberIds":[4060003940],"sourceAreaKm2":23296.4},"geometry":{"type":"Polygon","coordinates":[[[128.92048,37.08924],[128.91998,37.09915],[128.91446,37.10057],[128.9093,37.10456],[128.90748,37.11165],[128.90074,37.11338],[128.89943,37.12158],[128.9036,37.12696],[128.90473,37.13408],[128.90057,37.13946],[128.9,37.15],[128.90659,37.15035],[128.91631,37.16005],[128.91702,37.16838],[128.91251,37.17292],[128.91631,37.17674],[128.91702,37.18088],[128.91285,37.18508],[128.91285,37.20242],[128.91631,37.20591],[128.91667,37.2125],[128.91909,37.21285],[128.92258,37.21631],[128.92742,37.21702],[128.93091,37.22048],[128.9625,37.22083],[128.96347,37.21706],[128.96875,37.21297],[128.97425,37.21723],[128.97721,37.2161],[128.98112,37.21307],[128.98679,37.21161],[128.98821,37.20089],[128.99498,37.19915],[128.9968,37.19206],[129.00196,37.18807],[129.02304,37.1786],[129.03112,37.1714],[129.04388,37.17027],[129.04792,37.16714],[129.05342,37.1714],[129.06471,37.17027],[129.06862,37.16723],[129.075,37.16667],[129.07585,37.16335],[129.08294,37.16153],[129.08693,37.15638],[129.08807,37.14362],[129.09223,37.13825],[129.08693,37.12991],[129.08812,37.10508],[129.09498,37.10332],[129.09583,37.1],[129.10612,37.09223],[129.11471,37.0911],[129.12304,37.08693],[129.13112,37.07973],[129.13971,37.0786],[129.15196,37.0714],[129.16577,37.07017],[129.16723,37.06446],[129.18277,37.04804],[129.18333,37.04583],[129.18333,37.04167],[129.18091,37.04131],[129.17536,37.03579],[129.17465,37.03091],[129.16912,37.02536],[129.16424,37.02465],[129.16076,37.02119],[129.15833,37.02083],[129.16307,37.01325],[129.16193,37.00196],[129.1589,36.99804],[129.15777,36.98529],[129.14943,36.97594],[129.15057,36.96862],[129.15473,36.96325],[129.14943,36.95491],[129.15057,36.94779],[129.15473,36.94241],[129.1536,36.93529],[129.14943,36.92991],[129.15074,36.92173],[129.15612,36.91723],[129.16888,36.9161],[129.18112,36.9089],[129.18665,36.90748],[129.1922,36.89359],[129.19636,36.88844],[129.19492,36.8841],[129.18942,36.8828],[129.18427,36.87864],[129.17594,36.88386],[129.1677,36.88268],[129.16303,36.87725],[129.1578,36.86442],[129.15364,36.85927],[129.1547,36.84359],[129.15833,36.8375],[129.18971,36.83807],[129.19375,36.8412],[129.19779,36.83807],[129.20351,36.8366],[129.20473,36.82279],[129.20787,36.81874],[129.20057,36.81054],[129.1964,36.80221],[129.19527,36.79362],[129.18693,36.77991],[129.18807,36.76446],[129.19223,36.75908],[129.1911,36.75196],[129.18693,36.74362],[129.17962,36.73542],[129.18693,36.72721],[129.18871,36.72027],[129.20221,36.7214],[129.21862,36.73693],[129.24804,36.73807],[129.26133,36.7504],[129.2625,36.74583],[129.27083,36.74583],[129.27152,36.72167],[129.27701,36.71728],[129.28777,36.71572],[129.28395,36.71049],[129.28262,36.69682],[129.27593,36.69491],[129.275,36.69167],[129.26841,36.69202],[129.26492,36.69548],[129.25494,36.69506],[129.25352,36.6812],[129.2409,36.66739],[129.22917,36.66667],[129.22973,36.64362],[129.24223,36.62158],[129.24066,36.61748],[129.23418,36.61582],[129.23248,36.60918],[129.22565,36.60743],[129.21307,36.59388],[129.2125,36.58333],[129.21316,36.57596],[129.21862,36.5714],[129.23659,36.5702],[129.2375,36.56667],[129.24078,36.56589],[129.24215,36.5615],[129.23697,36.55511],[129.23803,36.52692],[129.24114,36.52308],[129.24167,36.51667],[129.22701,36.51605],[129.22169,36.51217],[129.21988,36.49973],[129.21466,36.50355],[129.18951,36.50478],[129.18549,36.50772],[129.17036,36.50895],[129.16466,36.50478],[129.15099,36.50345],[129.15,36.5],[129.15035,36.49758],[129.15415,36.49375],[129.15035,36.48992],[129.14965,36.48091],[129.14585,36.47708],[129.14965,36.47326],[129.15035,36.46841],[129.16215,36.45659],[129.16285,36.45174],[129.16631,36.44826],[129.16702,36.44341],[129.17048,36.43992],[129.17083,36.425],[129.17742,36.42535],[129.18162,36.42952],[129.18576,36.42881],[129.18958,36.42501],[129.19341,36.42881],[129.20417,36.42917],[129.20452,36.42258],[129.20798,36.41909],[129.20833,36.40833],[129.21229,36.40714],[129.2244,36.39375],[129.21731,36.38547],[129.21602,36.37287],[129.20898,36.36463],[129.20707,36.35831],[129.20213,36.35481],[129.19581,36.3529],[129.19231,36.34797],[129.19087,36.33851],[129.18537,36.33686],[129.17949,36.33269],[129.17166,36.33778],[129.17027,36.32041],[129.17436,36.31463],[129.1758,36.30518],[129.18537,36.30064],[129.1938,36.29936],[129.19968,36.29519],[129.21047,36.29648],[129.21634,36.30064],[129.22137,36.29801],[129.22439,36.29375],[129.22019,36.28782],[129.22495,36.28046],[129.2188,36.27564],[129.21265,36.27379],[129.20481,36.26463],[129.20352,36.26037],[129.19648,36.25213],[129.19231,36.2438],[129.19167,36.2375],[129.19498,36.23665],[129.19583,36.23333],[129.19915,36.23248],[129.20035,36.22258],[129.20381,36.21909],[129.20417,36.20833],[129.19784,36.20772],[129.18833,36.19946],[129.18688,36.18951],[129.18322,36.18449],[129.16744,36.1782],[129.16587,36.16746],[129.15617,36.16605],[129.14676,36.16157],[129.14228,36.15216],[129.14105,36.14367],[129.13812,36.13966],[129.13676,36.1258],[129.12701,36.12438],[129.12299,36.12145],[129.11034,36.12022],[129.10533,36.11655],[129.10355,36.11034],[129.09522,36.09916],[129.1125,36.07917],[129.12745,36.07881],[129.13298,36.07326],[129.13369,36.06424],[129.13715,36.06076],[129.13785,36.05591],[129.14131,36.05242],[129.14167,36.04583],[129.13835,36.04498],[129.13665,36.03835],[129.12279,36.03807],[129.1178,36.04193],[129.11667,36.0375],[129.1214,36.03629],[129.12027,36.02696],[129.11723,36.02304],[129.1161,36.01446],[129.10777,36.00075],[129.11193,35.99388],[129.11307,35.98529],[129.12027,35.97721],[129.1214,35.94779],[129.12443,35.94388],[129.12597,35.9379],[129.13333,35.93333],[129.13333,35.92917],[129.11424,35.92952],[129.11076,35.93298],[129.10591,35.93369],[129.09826,35.94131],[129.08508,35.94202],[129.08159,35.94548],[129.06912,35.94619],[129.06492,35.94202],[129.0625,35.94167],[129.06193,35.93529],[129.05057,35.92304],[129.04903,35.91706],[129.04388,35.91307],[129.03816,35.9116],[129.03693,35.89779],[129.02963,35.88959],[129.0339,35.88408],[129.03277,35.87279],[129.0286,35.86446],[129.0214,35.85638],[129.01667,35.84583],[129.02721,35.84527],[129.03112,35.84223],[129.04498,35.841],[129.04603,35.83628],[129.0411,35.82991],[129.04527,35.82304],[129.04654,35.81342],[129.05196,35.8089],[129.05748,35.80748],[129.06339,35.79238],[129.07304,35.7911],[129.07696,35.78807],[129.08333,35.7875],[129.0839,35.78112],[129.08807,35.77575],[129.08693,35.74779],[129.0838,35.74375],[129.08693,35.73971],[129.08807,35.71029],[129.0911,35.70638],[129.0964,35.68529],[129.09943,35.68138],[129.10085,35.67585],[129.10417,35.675],[129.10473,35.66862],[129.1089,35.66325],[129.10708,35.65851],[129.10221,35.65473],[129.09668,35.65332],[129.09498,35.64668],[129.08835,35.64498],[129.0875,35.64167],[129.08418,35.64252],[129.08333,35.64583],[129.08091,35.64619],[129.06909,35.65798],[129.06495,35.65869],[129.06076,35.65452],[129.05591,35.65381],[129.05242,35.65035],[129.04252,35.64915],[129.0411,35.64362],[129.03652,35.63813],[129.01862,35.63693],[129.01054,35.62973],[129.00483,35.62827],[129.00417,35.61667],[129.01029,35.61307],[129.01995,35.61179],[129.0214,35.60612],[129.02557,35.60075],[129.0214,35.59388],[129.02083,35.58333],[129.025,35.58333],[129.02585,35.58002],[129.03294,35.5782],[129.03693,35.57304],[129.0411,35.56471],[129.04233,35.54257],[129.0496,35.5407],[129.05473,35.53408],[129.05057,35.52721],[129.05,35.51667],[129.05638,35.5161],[129.06446,35.5089],[129.08554,35.5036],[129.09362,35.4964],[129.09915,35.49498],[129.10085,35.48835],[129.10748,35.48665],[129.10918,35.48002],[129.11596,35.47828],[129.11738,35.46755],[129.12304,35.4661],[129.13112,35.4589],[129.1375,35.45833],[129.13785,35.45174],[129.14202,35.44755],[129.14131,35.44341],[129.13785,35.43992],[129.13715,35.43508],[129.13369,35.43159],[129.13298,35.42674],[129.12952,35.42326],[129.12881,35.41841],[129.12119,35.41076],[129.12083,35.40833],[129.10904,35.40328],[129.10777,35.39362],[129.10417,35.3875],[129.10381,35.38091],[129.09131,35.36838],[129.09202,35.36424],[129.09619,35.36005],[129.09548,35.34758],[129.09168,35.34375],[129.09582,35.33958],[129.09202,35.33576],[129.09131,35.32258],[129.08715,35.31838],[129.08785,35.31424],[129.09202,35.31005],[129.09131,35.30588],[129.07742,35.29202],[129.07258,35.29131],[129.06909,35.28785],[129.05417,35.2875],[129.05452,35.28091],[129.05798,35.27742],[129.05869,35.26841],[129.06215,35.26492],[129.06285,35.26008],[129.06702,35.25588],[129.06631,35.25174],[129.06285,35.24826],[129.06215,35.24341],[129.05869,35.23992],[129.05798,35.22674],[129.05452,35.22326],[129.05381,35.21424],[129.04619,35.20659],[129.04548,35.20174],[129.04202,35.19826],[129.04167,35.19583],[129.026,35.19517],[129.02401,35.18819],[129.00517,35.18688],[129.00355,35.19799],[128.99989,35.20301],[128.99167,35.20417],[128.99131,35.21076],[128.98785,35.21424],[128.98715,35.23159],[128.98369,35.23508],[128.98298,35.24409],[128.97119,35.25591],[128.97048,35.26492],[128.95869,35.27674],[128.95833,35.28333],[128.95174,35.28298],[128.94826,35.27952],[128.93924,35.27881],[128.93576,35.27535],[128.93091,35.27465],[128.92742,35.27119],[128.91495,35.27048],[128.91076,35.27465],[128.88529,35.27557],[128.88013,35.27956],[128.87832,35.28665],[128.87279,35.28807],[128.86888,35.2911],[128.86156,35.29223],[128.85092,35.28275],[128.84583,35.27083],[128.83971,35.26723],[128.83259,35.2661],[128.81592,35.27557],[128.81054,35.2714],[128.80502,35.26998],[128.80417,35.26667],[128.79173,35.25693],[128.79522,35.25216],[128.79645,35.24083],[128.77978,35.22299],[128.77843,35.20914],[128.75514,35.2034],[128.75417,35.2],[128.75174,35.20035],[128.74826,35.20381],[128.73091,35.20452],[128.72536,35.21005],[128.72465,35.21909],[128.72119,35.22258],[128.72083,35.24583],[128.71424,35.24619],[128.71076,35.24965],[128.70591,35.25035],[128.69409,35.26215],[128.68579,35.26285],[128.68125,35.25835],[128.67742,35.26215],[128.66008,35.26285],[128.65659,35.26631],[128.64341,35.26702],[128.63992,35.27048],[128.63091,35.27119],[128.62742,35.27465],[128.58333,35.275],[128.57917,35.26667],[128.57304,35.26307],[128.55638,35.25473],[128.54779,35.2536],[128.54388,35.25057],[128.53835,35.24915],[128.53693,35.24362],[128.52973,35.23138],[128.5286,35.2199],[128.53693,35.21054],[128.53807,35.19509],[128.53294,35.18847],[128.52585,35.18665],[128.52409,35.17979],[128.49758,35.17952],[128.49375,35.18332],[128.48958,35.17918],[128.47952,35.18921],[128.47917,35.19167],[128.47299,35.18812],[128.46034,35.18688],[128.45633,35.18395],[128.44663,35.18254],[128.44522,35.17284],[128.44086,35.1674],[128.42637,35.16605],[128.425,35.17083],[128.41862,35.1714],[128.40533,35.18374],[128.4036,35.18825],[128.40786,35.19375],[128.40473,35.19779],[128.40332,35.20332],[128.39779,35.20473],[128.39388,35.20777],[128.3875,35.20833],[128.38665,35.20502],[128.38002,35.20332],[128.3782,35.19623],[128.37083,35.19167],[128.37048,35.18508],[128.36702,35.18159],[128.36631,35.17258],[128.36285,35.16909],[128.36215,35.16008],[128.35869,35.15659],[128.35798,35.13924],[128.35035,35.13159],[128.35,35.125],[128.34758,35.12465],[128.34409,35.12119],[128.3375,35.12083],[128.33653,35.11706],[128.33138,35.11307],[128.31341,35.11186],[128.31165,35.10502],[128.3039,35.10303],[128.3089,35.09658],[128.30769,35.08014],[128.30221,35.07557],[128.2926,35.0743],[128.2839,35.06471],[128.28277,35.04362],[128.2786,35.03529],[128.2589,35.01471],[128.25762,35.00505],[128.25417,35.00417],[128.23675,35.01307],[128.23125,35.0088],[128.22721,35.01193],[128.20508,35.01312],[128.2036,35.01888],[128.1963,35.02707],[128.19943,35.03112],[128.20057,35.03825],[128.19544,35.04487],[128.18946,35.0464],[128.18138,35.0536],[128.17279,35.05473],[128.16763,35.05873],[128.16582,35.06582],[128.16029,35.06723],[128.15498,35.07166],[128.1536,35.07795],[128.16054,35.07973],[128.166,35.08428],[128.16723,35.09677],[128.15777,35.10908],[128.16307,35.11741],[128.1589,35.12279],[128.15777,35.13138],[128.15377,35.13653],[128.14779,35.13807],[128.13971,35.14527],[128.1375,35.14583],[128.13629,35.1411],[128.12696,35.14223],[128.12158,35.1464],[128.11446,35.14527],[128.11054,35.14223],[128.09779,35.1411],[128.09375,35.13797],[128.08825,35.14223],[128.07279,35.1411],[128.06471,35.1339],[128.05,35.13333],[128.04938,35.14492],[128.02704,35.14518],[128.02296,35.14232],[128.01225,35.14101],[128.00443,35.14648],[127.9985,35.14325],[127.99518,35.13725],[127.99934,35.13129],[128.00066,35.12288],[128.00354,35.11875],[128.00066,35.11462],[127.99911,35.09979],[127.99379,35.10351],[127.98482,35.10482],[127.98268,35.09788],[127.97364,35.08751],[127.96462,35.09518],[127.95081,35.10104],[127.94934,35.11046],[127.94567,35.11572],[127.93538,35.11732],[127.93129,35.12018],[127.91038,35.12149],[127.90629,35.12434],[127.89788,35.12566],[127.88424,35.13794],[127.88248,35.14922],[127.86871,35.15066],[127.86046,35.15768],[127.84975,35.16316],[127.84167,35.15833],[127.84077,35.16184],[127.82696,35.16307],[127.81759,35.17142],[127.81582,35.17832],[127.81029,35.17973],[127.80513,35.18373],[127.80332,35.19082],[127.79654,35.19255],[127.79527,35.20221],[127.78807,35.21446],[127.7875,35.22083],[127.77696,35.2214],[127.76862,35.22557],[127.76054,35.23277],[127.75502,35.23418],[127.74943,35.24804],[127.74491,35.25346],[127.73529,35.25473],[127.73138,35.25777],[127.72279,35.2589],[127.71888,35.26193],[127.70833,35.2625],[127.70748,35.26582],[127.70417,35.26667],[127.70381,35.27326],[127.69202,35.28508],[127.69077,35.32017],[127.67696,35.3214],[127.67292,35.32453],[127.66573,35.32027],[127.65638,35.3286],[127.64925,35.32973],[127.64388,35.32557],[127.63259,35.32443],[127.62721,35.3286],[127.62168,35.33002],[127.62083,35.33333],[127.61667,35.33333],[127.61424,35.33298],[127.60869,35.32746],[127.60798,35.32258],[127.60246,35.31702],[127.59758,35.31631],[127.59409,35.31285],[127.56841,35.31215],[127.56076,35.30452],[127.55591,35.30381],[127.55242,35.30035],[127.54758,35.29965],[127.54409,35.29619],[127.53162,35.29548],[127.52742,35.29965],[127.52083,35.3],[127.52048,35.30242],[127.51702,35.30591],[127.51667,35.35],[127.52012,35.35089],[127.5214,35.36054],[127.52443,35.36446],[127.52557,35.37158],[127.52083,35.37917],[127.51685,35.38028],[127.5131,35.38533],[127.5119,35.38967],[127.50477,35.39783],[127.4994,35.40779],[127.5006,35.41467],[127.50477,35.42029],[127.50356,35.43134],[127.50054,35.43542],[127.50477,35.44113],[127.50356,35.46051],[127.4994,35.46613],[127.50083,35.47428],[127.51883,35.47438],[127.53286,35.46605],[127.54799,35.46728],[127.55201,35.47022],[127.56179,35.47164],[127.56319,35.49067],[127.57824,35.49676],[127.58277,35.50625],[127.57855,35.51466],[127.57022,35.52426],[127.57145,35.53133],[127.57438,35.53534],[127.57583,35.5453],[127.5875,35.55417],[127.58785,35.56492],[127.61215,35.58924],[127.61285,35.59826],[127.61631,35.60174],[127.61702,35.61079],[127.62258,35.61631],[127.62742,35.61702],[127.63091,35.62048],[127.63333,35.62083],[127.63298,35.62326],[127.62535,35.63091],[127.62465,35.63576],[127.62119,35.63924],[127.62119,35.64826],[127.62881,35.65591],[127.62952,35.66076],[127.63298,35.66424],[127.63369,35.66909],[127.64131,35.67674],[127.64202,35.69409],[127.65171,35.70381],[127.65659,35.70452],[127.66214,35.71004],[127.66285,35.71492],[127.66631,35.71841],[127.66702,35.72671],[127.66285,35.73091],[127.66215,35.76838],[127.66631,35.77258],[127.66667,35.775],[127.66998,35.77415],[127.67083,35.77083],[127.68333,35.77083],[127.68369,35.77742],[127.68921,35.78298],[127.69409,35.78369],[127.70174,35.79131],[127.71076,35.79202],[127.71631,35.79754],[127.71667,35.8],[127.71998,35.80085],[127.7214,35.80638],[127.73277,35.81862],[127.73693,35.82696],[127.73807,35.83554],[127.74527,35.84362],[127.74668,35.84915],[127.75,35.85],[127.75036,35.84754],[127.75591,35.84202],[127.76076,35.84131],[127.76458,35.83751],[127.76841,35.84131],[127.77326,35.84202],[127.78091,35.84965],[127.78576,35.85035],[127.78924,35.85381],[127.79409,35.85452],[127.79758,35.85798],[127.80833,35.85833],[127.80918,35.85502],[127.8125,35.85417],[127.8134,35.85769],[127.82696,35.87027],[127.84077,35.87149],[127.84252,35.87832],[127.84915,35.88002],[127.85097,35.8871],[127.85612,35.8911],[127.86182,35.89256],[127.8786,35.91029],[127.88002,35.91582],[127.88333,35.91667],[127.884,35.93252],[127.89383,35.93395],[127.90201,35.94105],[127.90753,35.94263],[127.90895,35.95074],[127.90062,35.96034],[127.89105,35.98549],[127.88253,35.9951],[127.875,35.99583],[127.875,36.025],[127.87877,36.02597],[127.88277,36.03112],[127.88422,36.03679],[127.89388,36.03807],[127.89779,36.0411],[127.90377,36.04263],[127.90777,36.04779],[127.90955,36.05473],[127.92721,36.0536],[127.93112,36.05057],[127.93576,36.05035],[127.94341,36.05798],[127.94826,36.05869],[127.96214,36.07255],[127.96285,36.08088],[127.95869,36.08508],[127.95798,36.09338],[127.96631,36.10174],[127.96734,36.11984],[127.97299,36.12145],[127.98117,36.12855],[127.98812,36.13053],[127.98688,36.16883],[127.97855,36.18286],[127.9799,36.19485],[127.99507,36.20097],[127.99667,36.21196],[128.00617,36.22022],[128.01587,36.22163],[128.0175,36.2328],[128.02701,36.24105],[128.03333,36.24167],[128.03369,36.24409],[128.04548,36.25591],[128.04548,36.26076],[128.03785,36.26841],[128.0375,36.27083],[128.03277,36.27205],[128.03414,36.2783],[128.0375,36.27917],[128.03812,36.28549],[128.04228,36.29214],[128.03812,36.29784],[128.03688,36.31983],[128.05027,36.32178],[128.04228,36.33534],[128.04079,36.3451],[128.0324,36.3464],[128.02304,36.33807],[128.00332,36.33693],[127.99649,36.34263],[127.99517,36.35743],[127.98946,36.3589],[127.9843,36.3629],[127.97917,36.375],[127.97201,36.3794],[127.97027,36.38432],[127.98277,36.39779],[127.98418,36.40332],[127.99193,36.4053],[127.98277,36.42158],[127.98693,36.42696],[127.9875,36.43333],[127.96328,36.43401],[127.96186,36.44797],[127.95769,36.4563],[127.94985,36.46546],[127.92674,36.46702],[127.91702,36.47672],[127.91631,36.49826],[127.91285,36.50174],[127.9125,36.50833],[127.90491,36.50911],[127.90343,36.52833],[127.8937,36.52981],[127.8813,36.53686],[127.875,36.5375],[127.87434,36.54493],[127.87083,36.54583],[127.87149,36.55327],[127.875,36.55417],[127.87465,36.55659],[127.86912,36.56214],[127.86667,36.5625],[127.86702,36.56909],[127.87254,36.57464],[127.87742,36.57535],[127.88298,36.58088],[127.88333,36.59167],[127.89388,36.59223],[127.89779,36.59527],[127.90745,36.59654],[127.90833,36.6],[127.91909,36.60035],[127.92464,36.60588],[127.92535,36.61492],[127.93298,36.62258],[127.93369,36.63992],[127.93715,36.64341],[127.9375,36.65417],[127.93404,36.65505],[127.93277,36.66471],[127.9289,36.6697],[127.93554,36.6714],[127.9407,36.6754],[127.94252,36.68248],[127.94934,36.68423],[127.95057,36.69804],[127.95443,36.70303],[127.95,36.70417],[127.95057,36.71888],[127.95777,36.73112],[127.9595,36.7379],[127.97279,36.72557],[127.97721,36.72443],[127.98656,36.7161],[127.99388,36.71723],[127.99779,36.72027],[128.00638,36.7214],[128.01573,36.72973],[128.02001,36.72819],[128.02172,36.72154],[128.03138,36.72027],[128.03971,36.7161],[128.04779,36.7089],[128.07083,36.70833],[128.07083,36.7125],[128.0754,36.71367],[128.06185,36.72826],[128.05502,36.73002],[128.05332,36.73665],[128.04779,36.73807],[128.03971,36.74527],[128.034,36.74673],[128.03277,36.75932],[128.04527,36.77279],[128.0464,36.78554],[128.0536,36.79362],[128.05473,36.80638],[128.05777,36.81029],[128.05833,36.81667],[128.07083,36.81667],[128.07174,36.81315],[128.08651,36.79943],[128.10196,36.80777],[128.10748,36.80918],[128.10925,36.81608],[128.11862,36.82443],[128.13248,36.83002],[128.13455,36.83807],[128.13971,36.83693],[128.16029,36.8214],[128.19804,36.82027],[128.20196,36.81723],[128.21054,36.8161],[128.21667,36.8125],[128.21667,36.82083],[128.22326,36.82119],[128.22745,36.82535],[128.23992,36.82465],[128.24375,36.82085],[128.24792,36.82499],[128.25174,36.82119],[128.26909,36.82048],[128.28091,36.80869],[128.28576,36.80798],[128.28924,36.80452],[128.36667,36.80417],[128.36752,36.80748],[128.37304,36.8089],[128.3824,36.81723],[128.39388,36.8161],[128.39925,36.81193],[128.41983,36.81312],[128.4286,36.82279],[128.43418,36.83665],[128.44127,36.83847],[128.44527,36.84362],[128.44668,36.84915],[128.45,36.85],[128.44965,36.85242],[128.44619,36.85591],[128.44548,36.86492],[128.44202,36.86841],[128.44064,36.87426],[128.42577,36.87577],[128.42436,36.89022],[128.43237,36.89263],[128.43398,36.89797],[128.44102,36.9062],[128.44231,36.91463],[128.44523,36.91875],[128.44231,36.92287],[128.44167,36.92917],[128.44826,36.92952],[128.45174,36.93298],[128.45659,36.93369],[128.46214,36.93921],[128.46285,36.94826],[128.46631,36.95174],[128.46667,36.95417],[128.46909,36.95452],[128.47258,36.95798],[128.47742,36.95869],[128.48091,36.96215],[128.48992,36.96285],[128.49341,36.96631],[128.49826,36.96702],[128.50174,36.97048],[128.50659,36.97119],[128.51215,36.97671],[128.5125,36.9875],[128.51492,36.98785],[128.51841,36.99131],[128.54409,36.99202],[128.56841,37.01631],[128.58992,37.01631],[128.59758,37.00869],[128.6,37.00833],[128.60085,37.01165],[128.60417,37.0125],[128.60505,37.01596],[128.61471,37.01723],[128.61862,37.02027],[128.63138,37.0214],[128.64073,37.02973],[128.65638,37.0286],[128.66029,37.02557],[128.67304,37.02443],[128.67696,37.0214],[128.7,37.02083],[128.70035,37.03159],[128.70798,37.03924],[128.70833,37.04167],[128.71592,37.0464],[128.72721,37.04527],[128.75612,37.02973],[128.77826,37.02854],[128.77917,37.025],[128.78554,37.02557],[128.7907,37.02956],[128.79223,37.03554],[128.79675,37.04096],[128.80638,37.04223],[128.81446,37.04943],[128.82304,37.05057],[128.83112,37.05777],[128.83665,37.05918],[128.8375,37.0625],[128.84082,37.06165],[128.84167,37.05833],[128.84826,37.05798],[128.85174,37.05452],[128.85659,37.05381],[128.86042,37.05001],[128.86495,37.05452],[128.88576,37.05381],[128.88924,37.05035],[128.89583,37.05],[128.89619,37.05662],[128.91008,37.07048],[128.9125,37.07083],[128.91285,37.07326],[128.91631,37.07674],[128.91702,37.08576],[128.92048,37.08924]]]}},{"type":"Feature","properties":{"name":"금강","mainBas":4060004680,"memberIds":[4060004680],"sourceAreaKm2":9776.8},"geometry":{"type":"Polygon","coordinates":[[[127.66667,35.775],[127.66631,35.77258],[127.66215,35.76838],[127.66285,35.73091],[127.66702,35.72671],[127.66631,35.71841],[127.66285,35.71492],[127.66214,35.71004],[127.65659,35.70452],[127.65171,35.70381],[127.64202,35.69409],[127.64131,35.67674],[127.63369,35.66909],[127.63298,35.66424],[127.62952,35.66076],[127.62881,35.65591],[127.62119,35.64826],[127.62083,35.64167],[127.61029,35.6411],[127.59804,35.62973],[127.59092,35.6286],[127.58554,35.63277],[127.57988,35.63422],[127.57846,35.64495],[127.575,35.64583],[127.57415,35.64915],[127.57083,35.65],[127.57018,35.64263],[127.56471,35.63807],[127.55873,35.63653],[127.55473,35.63138],[127.55328,35.62571],[127.54255,35.62429],[127.5366,35.60899],[127.52173,35.60767],[127.52027,35.60196],[127.51307,35.59388],[127.51129,35.58693],[127.49265,35.58813],[127.4875,35.59583],[127.47585,35.60085],[127.47415,35.60748],[127.46729,35.60924],[127.46667,35.62083],[127.47009,35.62171],[127.4714,35.62991],[127.46723,35.63529],[127.4661,35.6426],[127.47443,35.65196],[127.47557,35.65927],[127.46608,35.66991],[127.4625,35.67083],[127.46309,35.69492],[127.46888,35.6964],[127.4744,35.70101],[127.47437,35.72298],[127.46644,35.73218],[127.45928,35.73428],[127.4577,35.73965],[127.45341,35.74508],[127.43952,35.74646],[127.42298,35.76187],[127.41627,35.76313],[127.40923,35.75806],[127.4077,35.77123],[127.41187,35.77702],[127.41313,35.79443],[127.40619,35.79646],[127.39699,35.80439],[127.39583,35.80833],[127.38529,35.8089],[127.38124,35.81204],[127.37009,35.8036],[127.36471,35.80777],[127.35612,35.8089],[127.34804,35.8161],[127.33529,35.81723],[127.33138,35.82027],[127.32585,35.82168],[127.32443,35.82721],[127.32044,35.83237],[127.31667,35.83333],[127.3172,35.83975],[127.32461,35.84791],[127.32123,35.85208],[127.32548,35.85733],[127.32411,35.86173],[127.32083,35.8625],[127.32199,35.86655],[127.32701,35.87022],[127.33268,35.87184],[127.33399,35.90752],[127.35417,35.9125],[127.35381,35.91492],[127.35035,35.91841],[127.34965,35.95659],[127.34619,35.96008],[127.34548,35.97672],[127.35381,35.98508],[127.35417,35.9875],[127.3464,35.99779],[127.34082,36.01165],[127.32917,36.01667],[127.3214,36.02696],[127.32027,36.03138],[127.31307,36.03946],[127.31193,36.04388],[127.30358,36.05325],[127.29668,36.05502],[127.29527,36.06054],[127.28651,36.0702],[127.26862,36.0714],[127.26029,36.07557],[127.25221,36.08277],[127.24362,36.0839],[127.23971,36.08693],[127.23005,36.08821],[127.22827,36.09517],[127.2134,36.09649],[127.2125,36.1],[127.20497,36.09926],[127.20355,36.08951],[127.19864,36.08337],[127.18951,36.08812],[127.18126,36.09528],[127.17616,36.09155],[127.17438,36.08534],[127.17111,36.08086],[127.1662,36.07855],[127.16049,36.08272],[127.15,36.08333],[127.15,36.0875],[127.14341,36.08715],[127.13785,36.08162],[127.13715,36.05591],[127.13369,36.05242],[127.13333,36.04583],[127.13091,36.04548],[127.11702,36.03162],[127.11667,36.02917],[127.11047,36.02564],[127.10101,36.0242],[127.09621,36.01426],[127.09103,36.01186],[127.0813,36.02019],[127.06744,36.0216],[127.06667,36.02917],[127.06008,36.02881],[127.05659,36.02535],[127.05,36.025],[127.04758,36.02535],[127.04409,36.02881],[126.99758,36.02952],[126.99409,36.03298],[126.98924,36.03369],[126.98576,36.03715],[126.97674,36.03785],[126.97326,36.04131],[126.96912,36.04202],[126.96492,36.03785],[126.95591,36.03715],[126.95242,36.03369],[126.94828,36.03298],[126.93992,36.04131],[126.93091,36.04202],[126.91909,36.05381],[126.91424,36.05452],[126.90659,36.06215],[126.9,36.0625],[126.88814,36.04797],[126.88649,36.04246],[126.87522,36.04075],[126.87148,36.03547],[126.87009,36.01744],[126.8562,36.01602],[126.84658,36.01147],[126.84583,36.00417],[126.84252,36.00332],[126.8411,35.99779],[126.83243,35.98824],[126.82425,35.98693],[126.81888,35.9911],[126.80833,35.99167],[126.80741,35.99491],[126.79367,36.00062],[126.78432,36.00873],[126.78272,36.01567],[126.79515,36.01748],[126.79583,36.02917],[126.7875,36.02917],[126.78785,36.03159],[126.79131,36.03508],[126.79202,36.04338],[126.78751,36.04792],[126.79131,36.05174],[126.79202,36.05588],[126.78162,36.06631],[126.77917,36.06667],[126.77983,36.08252],[126.79193,36.08428],[126.78812,36.08951],[126.78688,36.09799],[126.78272,36.1049],[126.79105,36.11451],[126.79228,36.13133],[126.79522,36.13534],[126.79645,36.16049],[126.79938,36.16451],[126.8,36.17083],[126.79668,36.17168],[126.79527,36.17721],[126.79071,36.18268],[126.78333,36.18333],[126.76424,36.18298],[126.76076,36.17952],[126.73508,36.17881],[126.73159,36.17535],[126.70591,36.17535],[126.70036,36.18088],[126.69965,36.18576],[126.69412,36.19131],[126.69167,36.19167],[126.69223,36.20221],[126.69623,36.20737],[126.70221,36.2089],[126.7118,36.2176],[126.71307,36.22721],[126.7161,36.23112],[126.71752,36.23665],[126.73138,36.24223],[126.73794,36.24771],[126.73664,36.2535],[126.72173,36.25483],[126.7214,36.26054],[126.72973,36.27575],[126.72557,36.28112],[126.72443,36.29685],[126.74265,36.31601],[126.75638,36.31723],[126.76029,36.32027],[126.76582,36.32168],[126.76631,36.33159],[126.76285,36.33508],[126.76215,36.34409],[126.75662,36.34964],[126.75417,36.35],[126.75417,36.35417],[126.75085,36.35502],[126.74911,36.36179],[126.73946,36.36307],[126.73138,36.37027],[126.72083,36.375],[126.72048,36.37742],[126.71702,36.38091],[126.71631,36.38576],[126.71285,36.38924],[126.7125,36.39583],[126.71993,36.39649],[126.7214,36.40221],[126.7286,36.41029],[126.73013,36.41627],[126.73529,36.42027],[126.74904,36.42149],[126.7536,36.42696],[126.75473,36.45638],[126.7661,36.46862],[126.76788,36.47557],[126.77721,36.47443],[126.78112,36.4714],[126.78971,36.47027],[126.79509,36.4661],[126.80738,36.46734],[126.81203,36.47291],[126.8088,36.47708],[126.81193,36.48112],[126.81347,36.4871],[126.81862,36.4911],[126.82083,36.49167],[126.8222,36.48688],[126.84499,36.48818],[126.84938,36.49367],[126.85081,36.50346],[126.86883,36.50478],[126.87284,36.50772],[126.88333,36.50833],[126.88693,36.51446],[126.88807,36.52304],[126.8911,36.52696],[126.8923,36.54493],[126.89934,36.54673],[126.90066,36.5616],[126.90748,36.56335],[126.9089,36.56888],[126.91725,36.57825],[126.92304,36.57973],[126.9282,36.58373],[126.92973,36.58971],[126.93286,36.59375],[126.92964,36.59792],[126.93277,36.60196],[126.9339,36.61054],[126.94223,36.62721],[126.94943,36.63529],[126.95057,36.64388],[126.95777,36.65196],[126.96307,36.66325],[126.9588,36.66875],[126.9625,36.675],[126.96998,36.67415],[126.9714,36.66862],[126.9786,36.66054],[126.98013,36.65456],[126.98675,36.64943],[126.99804,36.65057],[127.0125,36.65833],[127.0134,36.65483],[127.02083,36.65417],[127.02842,36.6589],[127.03529,36.65473],[127.05742,36.65354],[127.05955,36.64527],[127.09066,36.64644],[127.09527,36.65196],[127.0964,36.66054],[127.09943,36.66446],[127.10114,36.6711],[127.10612,36.66723],[127.11578,36.66596],[127.11756,36.65901],[127.13529,36.64223],[127.14127,36.6407],[127.14527,36.63554],[127.14668,36.63002],[127.15,36.62917],[127.15085,36.62585],[127.15417,36.625],[127.15475,36.65315],[127.16029,36.65777],[127.16991,36.65904],[127.17443,36.66446],[127.17585,36.66998],[127.18294,36.6718],[127.18703,36.67708],[127.1839,36.68112],[127.18277,36.69804],[127.1786,36.70342],[127.18418,36.71582],[127.19082,36.71752],[127.19263,36.7246],[127.19779,36.7286],[127.20417,36.72917],[127.20057,36.73529],[127.19943,36.76054],[127.19223,36.77279],[127.19082,36.77832],[127.1875,36.77917],[127.18809,36.80325],[127.19388,36.80473],[127.20325,36.81308],[127.20473,36.81888],[127.20786,36.82292],[127.20473,36.82696],[127.20417,36.8375],[127.21451,36.84522],[127.22905,36.85116],[127.23272,36.85617],[127.23449,36.86239],[127.23951,36.86605],[127.24921,36.86746],[127.2508,36.87843],[127.26466,36.87978],[127.26867,36.88272],[127.27716,36.88395],[127.29167,36.89167],[127.29202,36.89409],[127.29548,36.89758],[127.29619,36.90242],[127.30381,36.91008],[127.30381,36.91909],[127.30035,36.92258],[127.3,36.92917],[127.31492,36.92952],[127.31841,36.93298],[127.32326,36.93369],[127.32674,36.93715],[127.33159,36.93785],[127.33508,36.94131],[127.33992,36.94202],[127.34828,36.95035],[127.35659,36.94965],[127.36042,36.94585],[127.36495,36.95035],[127.36909,36.94965],[127.37258,36.94619],[127.37832,36.94668],[127.37973,36.95221],[127.38808,36.96158],[127.39388,36.96307],[127.39882,36.9669],[127.40057,36.97182],[127.38796,36.98541],[127.39527,36.99779],[127.3964,37.01325],[127.39223,37.01862],[127.39167,37.02917],[127.40221,37.02973],[127.40612,37.03277],[127.41993,37.03399],[127.42173,37.04099],[127.43408,37.04223],[127.44241,37.03693],[127.44792,37.0412],[127.45196,37.03807],[127.45712,37.03693],[127.4589,37.04388],[127.46667,37.05417],[127.48966,37.05355],[127.49367,37.05062],[127.50337,37.04921],[127.50478,37.03951],[127.51188,37.03133],[127.51333,37.02137],[127.52284,37.01312],[127.53133,37.01188],[127.54367,37.00478],[127.5625,37.00417],[127.5625,37.0],[127.56596,36.99911],[127.56737,36.98842],[127.57279,36.9839],[127.5866,36.98267],[127.58807,36.97696],[127.5964,36.9676],[127.59223,36.96054],[127.5911,36.95196],[127.58807,36.94804],[127.5875,36.94167],[127.60221,36.94223],[127.61029,36.94943],[127.61995,36.95071],[127.622,36.9587],[127.63333,36.95],[127.63369,36.94338],[127.64758,36.92952],[127.65246,36.92881],[127.65869,36.92255],[127.65798,36.91424],[127.65452,36.91076],[127.65417,36.9],[127.65659,36.89965],[127.66424,36.89202],[127.66909,36.89131],[127.67258,36.88785],[127.67742,36.88715],[127.68508,36.87952],[127.69167,36.87917],[127.69131,36.86841],[127.68785,36.86492],[127.68714,36.86004],[127.68159,36.85452],[127.67917,36.85417],[127.67952,36.83924],[127.68298,36.83576],[127.68333,36.825],[127.68703,36.81875],[127.6839,36.81471],[127.68262,36.80505],[127.67474,36.80303],[127.68277,36.78971],[127.68298,36.77258],[127.67535,36.76492],[127.67465,36.76008],[127.67119,36.75659],[127.67048,36.75174],[127.66702,36.74826],[127.66631,36.73091],[127.66285,36.72742],[127.6625,36.725],[127.6625,36.70417],[127.66008,36.70381],[127.65659,36.70035],[127.64412,36.69965],[127.63992,36.70381],[127.61667,36.70417],[127.61551,36.70011],[127.61049,36.69645],[127.59664,36.6951],[127.59497,36.68366],[127.58966,36.67978],[127.58426,36.67824],[127.58333,36.675],[127.57279,36.67443],[127.56888,36.6714],[127.55507,36.67017],[127.55417,36.66667],[127.55777,36.66054],[127.5589,36.65196],[127.56307,36.64658],[127.56193,36.63946],[127.55777,36.63408],[127.55934,36.62998],[127.57442,36.62408],[127.58277,36.61471],[127.58455,36.60777],[127.61054,36.6089],[127.61592,36.61307],[127.63138,36.61193],[127.63529,36.6089],[127.64495,36.60762],[127.64583,36.60417],[127.64341,36.60381],[127.63576,36.59619],[127.63333,36.59583],[127.63277,36.58946],[127.62557,36.58138],[127.62415,36.57585],[127.61727,36.57408],[127.61667,36.55417],[127.63259,36.55345],[127.63333,36.54167],[127.63679,36.54255],[127.6382,36.55325],[127.64362,36.55777],[127.67721,36.5589],[127.68125,36.56203],[127.70342,36.54943],[127.71029,36.5536],[127.71888,36.55473],[127.72696,36.56193],[127.73138,36.56307],[127.73675,36.56723],[127.74388,36.5661],[127.75196,36.5589],[127.76601,36.55327],[127.76723,36.53946],[127.77027,36.53554],[127.7714,36.52696],[127.77443,36.52304],[127.775,36.50833],[127.78138,36.50777],[127.78529,36.50473],[127.79495,36.50346],[127.79705,36.49527],[127.82304,36.4964],[127.83529,36.50777],[127.84127,36.5093],[127.84527,36.51446],[127.84647,36.53235],[127.85196,36.53693],[127.86862,36.54527],[127.87434,36.54493],[127.875,36.5375],[127.8813,36.53686],[127.8937,36.52981],[127.90343,36.52833],[127.90491,36.50911],[127.9125,36.50833],[127.91285,36.50174],[127.91631,36.49826],[127.91702,36.47672],[127.92674,36.46702],[127.94985,36.46546],[127.95769,36.4563],[127.96186,36.44797],[127.96328,36.43401],[127.9875,36.43333],[127.98693,36.42696],[127.98277,36.42158],[127.99193,36.4053],[127.98418,36.40332],[127.98277,36.39779],[127.97027,36.38432],[127.97201,36.3794],[127.97917,36.375],[127.9843,36.3629],[127.98946,36.3589],[127.99517,36.35743],[127.99649,36.34263],[128.00332,36.33693],[128.02304,36.33807],[128.0324,36.3464],[128.04079,36.3451],[128.04228,36.33534],[128.05027,36.32178],[128.03688,36.31983],[128.03812,36.29784],[128.04228,36.29214],[128.03812,36.28549],[128.0375,36.27917],[128.03414,36.2783],[128.03277,36.27205],[128.0375,36.27083],[128.03785,36.26841],[128.04548,36.26076],[128.04548,36.25591],[128.03369,36.24409],[128.03333,36.24167],[128.02701,36.24105],[128.0175,36.2328],[128.01587,36.22163],[128.00617,36.22022],[127.99667,36.21196],[127.99507,36.20097],[127.9799,36.19485],[127.97855,36.18286],[127.98688,36.16883],[127.98812,36.13053],[127.98117,36.12855],[127.97299,36.12145],[127.96734,36.11984],[127.96631,36.10174],[127.95798,36.09338],[127.95869,36.08508],[127.96285,36.08088],[127.96214,36.07255],[127.94826,36.05869],[127.94341,36.05798],[127.93576,36.05035],[127.93112,36.05057],[127.92721,36.0536],[127.90955,36.05473],[127.90777,36.04779],[127.90377,36.04263],[127.89779,36.0411],[127.89388,36.03807],[127.88422,36.03679],[127.88277,36.03112],[127.87877,36.02597],[127.875,36.025],[127.875,35.99583],[127.88253,35.9951],[127.89105,35.98549],[127.90062,35.96034],[127.90895,35.95074],[127.90753,35.94263],[127.90201,35.94105],[127.89383,35.93395],[127.884,35.93252],[127.88333,35.91667],[127.88002,35.91582],[127.8786,35.91029],[127.86182,35.89256],[127.85612,35.8911],[127.85097,35.8871],[127.84915,35.88002],[127.84252,35.87832],[127.84077,35.87149],[127.82696,35.87027],[127.8134,35.85769],[127.8125,35.85417],[127.80918,35.85502],[127.80833,35.85833],[127.79758,35.85798],[127.79409,35.85452],[127.78924,35.85381],[127.78576,35.85035],[127.78091,35.84965],[127.77326,35.84202],[127.76841,35.84131],[127.76458,35.83751],[127.76076,35.84131],[127.75591,35.84202],[127.75036,35.84754],[127.75,35.85],[127.74668,35.84915],[127.74527,35.84362],[127.73807,35.83554],[127.73693,35.82696],[127.73277,35.81862],[127.7214,35.80638],[127.71998,35.80085],[127.71667,35.8],[127.71631,35.79754],[127.71076,35.79202],[127.70174,35.79131],[127.69409,35.78369],[127.68921,35.78298],[127.68369,35.77742],[127.68333,35.77083],[127.67083,35.77083],[127.66998,35.77415],[127.66667,35.775]]]}},{"type":"Feature","properties":{"name":"영산강","mainBas":4060004500,"memberIds":[4060004500],"sourceAreaKm2":2860.9},"geometry":{"type":"Polygon","coordinates":[[[127.08333,34.86667],[127.08807,34.86545],[127.08333,34.8625],[127.06862,34.86193],[127.0632,34.85741],[127.06179,34.84672],[127.05612,34.84527],[127.04388,34.83807],[127.01453,34.83814],[127.01042,34.84106],[127.0063,34.83814],[126.99787,34.83686],[126.99374,34.83393],[126.97437,34.85064],[126.96463,34.84231],[126.95801,34.84102],[126.95088,34.84608],[126.94936,34.8312],[126.94454,34.82505],[126.93963,34.82852],[126.9312,34.82981],[126.92626,34.83331],[126.92436,34.83963],[126.92007,34.84511],[126.90833,34.84583],[126.90833,34.85833],[126.90097,34.8629],[126.89911,34.87012],[126.88946,34.8714],[126.88554,34.87443],[126.8699,34.87557],[126.86054,34.86723],[126.82425,34.8661],[126.81888,34.87027],[126.8125,34.87083],[126.81113,34.86605],[126.80201,34.86728],[126.7963,34.87145],[126.79105,34.86898],[126.79784,34.86312],[126.80767,34.86169],[126.80773,34.83008],[126.80196,34.8286],[126.79804,34.82557],[126.78007,34.82436],[126.77832,34.81752],[126.77279,34.8161],[126.76888,34.81307],[126.7625,34.8125],[126.7625,34.82083],[126.75174,34.82119],[126.74619,34.82671],[126.74548,34.83159],[126.72952,34.84758],[126.72973,34.87304],[126.7339,34.87991],[126.72877,34.88653],[126.71317,34.89256],[126.71193,34.90491],[126.7161,34.91029],[126.71723,34.91962],[126.71029,34.9214],[126.70487,34.92592],[126.7036,34.93554],[126.6996,34.9407],[126.68924,34.94202],[126.68576,34.94548],[126.68091,34.94619],[126.67708,34.94999],[126.67326,34.94619],[126.66495,34.94548],[126.66076,34.94965],[126.65662,34.95035],[126.65242,34.94619],[126.64758,34.94548],[126.64409,34.94202],[126.63578,34.94131],[126.61909,34.95798],[126.61424,34.95869],[126.60659,34.96631],[126.6,34.96667],[126.59965,34.96005],[126.59338,34.95381],[126.57674,34.95452],[126.57326,34.95798],[126.56424,34.95798],[126.55869,34.95246],[126.55833,34.95],[126.55196,34.94943],[126.54362,34.94527],[126.53847,34.94127],[126.53665,34.93418],[126.53091,34.93298],[126.52742,34.92952],[126.525,34.92917],[126.52443,34.93554],[126.52044,34.9407],[126.51446,34.94223],[126.50638,34.94943],[126.50085,34.95085],[126.49915,34.95748],[126.49362,34.9589],[126.48554,34.9661],[126.475,34.96667],[126.47465,34.96909],[126.46912,34.97464],[126.46424,34.97535],[126.45452,34.98505],[126.45381,35.00242],[126.45035,35.00591],[126.45,35.0125],[126.45769,35.02703],[126.45898,35.03963],[126.47141,35.05337],[126.48547,35.05481],[126.48953,35.05769],[126.50464,35.05923],[126.49227,35.07291],[126.49648,35.07949],[126.48814,35.0937],[126.48686,35.10032],[126.49102,35.1062],[126.49231,35.12297],[126.49936,35.1312],[126.50064,35.13605],[126.48964,35.14102],[126.47468,35.14231],[126.46047,35.13398],[126.45522,35.13269],[126.45352,35.1438],[126.45064,35.14787],[126.44936,35.1563],[126.44487,35.1657],[126.43824,35.1677],[126.43847,35.17877],[126.44362,35.18277],[126.44915,35.18418],[126.45502,35.19915],[126.45833,35.2],[126.47279,35.18807],[126.48971,35.18693],[126.49509,35.18277],[126.50738,35.184],[126.51193,35.18946],[126.51371,35.1964],[126.51997,35.19503],[126.52168,35.18835],[126.52721,35.18693],[126.53259,35.18277],[126.53971,35.1839],[126.54362,35.18693],[126.55641,35.18803],[126.56442,35.1953],[126.57725,35.19636],[126.5827,35.20105],[126.58386,35.21058],[126.58697,35.21442],[126.58803,35.23427],[126.5828,35.24261],[126.58798,35.249],[126.58661,35.25339],[126.58333,35.25417],[126.58333,35.25833],[126.61667,35.275],[126.61732,35.29919],[126.62716,35.30062],[126.63534,35.30772],[126.64074,35.30926],[126.64522,35.31867],[126.64583,35.32917],[126.65242,35.32952],[126.66215,35.33921],[126.6625,35.34583],[126.67083,35.35],[126.67742,35.34965],[126.68091,35.34619],[126.68333,35.34583],[126.70337,35.35079],[126.70497,35.36176],[126.71883,35.36312],[126.72917,35.37083],[126.7339,35.37991],[126.72973,35.38529],[126.7286,35.39388],[126.72474,35.39886],[126.73971,35.40473],[126.75353,35.41766],[126.75473,35.43427],[126.7464,35.44362],[126.74583,35.45],[126.75748,35.45502],[126.7593,35.4621],[126.76446,35.4661],[126.775,35.46667],[126.77577,35.46995],[126.78017,35.47132],[126.78656,35.46614],[126.80225,35.4672],[126.80609,35.4703],[126.81667,35.47083],[126.8174,35.47837],[126.82438,35.48395],[126.83286,35.47855],[126.84383,35.47978],[126.84905,35.4836],[126.85081,35.47152],[126.8625,35.47083],[126.86371,35.46682],[126.87287,35.45898],[126.8813,35.45769],[126.88963,35.45352],[126.89787,35.44648],[126.90346,35.44479],[126.90487,35.42188],[126.91047,35.42019],[126.92287,35.40898],[126.93673,35.40756],[126.9375,35.4],[126.97413,35.40058],[126.9752,35.40539],[126.97027,35.41175],[126.97147,35.42819],[126.97696,35.43277],[126.98248,35.43418],[126.98418,35.44082],[126.99082,35.44252],[126.99252,35.44915],[126.99929,35.45089],[127.00071,35.46161],[127.00659,35.46215],[127.01079,35.45798],[127.02326,35.45869],[127.03091,35.46631],[127.03679,35.46578],[127.03807,35.45612],[127.04527,35.44388],[127.0464,35.42696],[127.04943,35.42304],[127.05,35.40833],[127.04889,35.40435],[127.04384,35.40061],[127.03412,35.39922],[127.03273,35.38982],[127.03949,35.38394],[127.05242,35.38369],[127.05626,35.3875],[127.06631,35.37742],[127.06702,35.36841],[127.07082,35.36458],[127.06668,35.36042],[127.07048,35.35659],[127.07119,35.34341],[127.07535,35.33921],[127.07465,35.33091],[127.06702,35.32326],[127.06667,35.30833],[127.08554,35.30777],[127.08946,35.30473],[127.09498,35.30332],[127.09649,35.28954],[127.10354,35.28125],[127.10066,35.27712],[127.09926,35.25492],[127.07892,35.25333],[127.08333,35.24583],[127.08002,35.24498],[127.0786,35.23946],[127.07401,35.23395],[127.0625,35.23333],[127.06732,35.21454],[127.07108,35.20917],[127.05027,35.20754],[127.04649,35.20212],[127.04518,35.19371],[127.04101,35.18775],[127.04232,35.17704],[127.05482,35.15441],[127.05312,35.14593],[127.04796,35.14232],[127.03538,35.14101],[127.03125,35.13813],[127.02708,35.14104],[127.01871,35.13684],[127.0125,35.13333],[127.01214,35.13088],[127.00242,35.12119],[127.0,35.12083],[127.0,35.11667],[127.01446,35.10473],[127.02025,35.10325],[127.0286,35.09388],[127.03002,35.08835],[127.03554,35.08693],[127.04375,35.07962],[127.05735,35.09223],[127.06579,35.09093],[127.06702,35.08504],[127.07258,35.07952],[127.07742,35.07881],[127.08508,35.07119],[127.09583,35.07083],[127.09527,35.04362],[127.08807,35.03554],[127.08245,35.02154],[127.07279,35.02027],[127.06471,35.01307],[127.05873,35.01153],[127.05473,35.00638],[127.05332,35.00085],[127.05,35.0],[127.05473,34.99241],[127.04915,34.98002],[127.0414,34.97803],[127.0464,34.97158],[127.04223,34.96471],[127.04096,34.95505],[127.03277,34.95295],[127.03415,34.94666],[127.03946,34.94223],[127.04779,34.93807],[127.05638,34.93693],[127.06029,34.9339],[127.07404,34.93268],[127.0786,34.92721],[127.07952,34.90591],[127.08298,34.90242],[127.08369,34.88508],[127.08785,34.88088],[127.08715,34.87258],[127.08369,34.86909],[127.08333,34.86667]]]}},{"type":"Feature","properties":{"name":"섬진강","mainBas":4060004100,"memberIds":[4060004100],"sourceAreaKm2":4833.0},"geometry":{"type":"Polygon","coordinates":[[[126.97917,34.6875],[126.97864,34.69808],[126.97447,34.70323],[126.97591,34.70757],[126.98138,34.7089],[126.98684,34.71346],[126.98807,34.72721],[126.99223,34.73408],[126.9871,34.7407],[126.98002,34.74252],[126.97826,34.74936],[126.96029,34.75057],[126.95638,34.7536],[126.94779,34.75473],[126.94388,34.75777],[126.93835,34.75918],[126.93665,34.76582],[126.92168,34.77168],[126.91998,34.77832],[126.91667,34.77917],[126.9172,34.78975],[126.92136,34.79489],[126.9203,34.80225],[126.9172,34.80609],[126.91614,34.81058],[126.90053,34.82692],[126.89947,34.83141],[126.8953,34.83656],[126.89675,34.8409],[126.90225,34.8422],[126.90609,34.8453],[126.92007,34.84511],[126.92436,34.83963],[126.92626,34.83331],[126.9312,34.82981],[126.93963,34.82852],[126.94454,34.82505],[126.94936,34.8312],[126.95088,34.84608],[126.95801,34.84102],[126.96463,34.84231],[126.97437,34.85064],[126.99374,34.83393],[126.99787,34.83686],[127.0063,34.83814],[127.01042,34.84106],[127.01453,34.83814],[127.04388,34.83807],[127.05612,34.84527],[127.06179,34.84672],[127.0632,34.85741],[127.06862,34.86193],[127.08333,34.8625],[127.08807,34.86545],[127.08333,34.86667],[127.08369,34.86909],[127.08715,34.87258],[127.08785,34.88088],[127.08369,34.88508],[127.08298,34.90242],[127.07952,34.90591],[127.0786,34.92721],[127.07404,34.93268],[127.06029,34.9339],[127.05638,34.93693],[127.04779,34.93807],[127.03946,34.94223],[127.03415,34.94666],[127.03277,34.95295],[127.04096,34.95505],[127.04223,34.96471],[127.0464,34.97158],[127.0414,34.97803],[127.04915,34.98002],[127.05473,34.99241],[127.05,35.0],[127.05332,35.00085],[127.05473,35.00638],[127.05873,35.01153],[127.06471,35.01307],[127.07279,35.02027],[127.08245,35.02154],[127.08807,35.03554],[127.09527,35.04362],[127.09583,35.07083],[127.08508,35.07119],[127.07742,35.07881],[127.07258,35.07952],[127.06702,35.08504],[127.06579,35.09093],[127.05735,35.09223],[127.04375,35.07962],[127.03554,35.08693],[127.03002,35.08835],[127.0286,35.09388],[127.02025,35.10325],[127.01446,35.10473],[127.0,35.11667],[127.0,35.12083],[127.00242,35.12119],[127.01214,35.13088],[127.0125,35.13333],[127.02708,35.14104],[127.03125,35.13813],[127.03538,35.14101],[127.04796,35.14232],[127.05312,35.14593],[127.05482,35.15441],[127.04232,35.17704],[127.04101,35.18775],[127.04518,35.19371],[127.04649,35.20212],[127.05027,35.20754],[127.07108,35.20917],[127.06732,35.21454],[127.0625,35.23333],[127.07401,35.23395],[127.0786,35.23946],[127.08002,35.24498],[127.08333,35.24583],[127.07892,35.25333],[127.09926,35.25492],[127.10066,35.27712],[127.10354,35.28125],[127.09649,35.28954],[127.09498,35.30332],[127.08946,35.30473],[127.08554,35.30777],[127.06667,35.30833],[127.06702,35.32326],[127.07465,35.33091],[127.07535,35.33921],[127.07119,35.34341],[127.07048,35.35659],[127.06668,35.36042],[127.07082,35.36458],[127.06702,35.36841],[127.06631,35.37742],[127.05626,35.3875],[127.05242,35.38369],[127.03949,35.38394],[127.03273,35.38982],[127.03412,35.39922],[127.04384,35.40061],[127.04889,35.40435],[127.05,35.40833],[127.04943,35.42304],[127.0464,35.42696],[127.04527,35.44388],[127.03807,35.45612],[127.03679,35.46578],[127.03091,35.46631],[127.02326,35.45869],[127.01079,35.45798],[127.00659,35.46215],[127.00071,35.46161],[126.99929,35.45089],[126.99252,35.44915],[126.99082,35.44252],[126.98418,35.44082],[126.98248,35.43418],[126.97696,35.43277],[126.97147,35.42819],[126.97027,35.41175],[126.9752,35.40539],[126.97413,35.40058],[126.9375,35.4],[126.93673,35.40756],[126.92287,35.40898],[126.91047,35.42019],[126.90487,35.42188],[126.90346,35.44479],[126.89787,35.44648],[126.88963,35.45352],[126.8813,35.45769],[126.87287,35.45898],[126.86371,35.46682],[126.8625,35.47083],[126.87279,35.4786],[126.87832,35.48002],[126.87917,35.48333],[126.88248,35.48248],[126.88333,35.47917],[126.89388,35.4786],[126.90075,35.47443],[126.90625,35.4787],[126.91029,35.47557],[126.93629,35.47443],[126.93807,35.48138],[126.9411,35.48529],[126.94223,35.49658],[126.9339,35.51029],[126.93277,35.51741],[126.9379,35.52403],[126.94388,35.52557],[126.94934,35.53013],[126.95,35.5375],[126.96054,35.53807],[126.96446,35.5411],[126.96998,35.54252],[126.97168,35.54915],[126.97721,35.55057],[126.98946,35.56193],[127.00221,35.56307],[127.00612,35.5661],[127.01165,35.56752],[127.01339,35.57429],[127.02304,35.57557],[127.02696,35.5786],[127.03248,35.58002],[127.03423,35.58684],[127.04544,35.58653],[127.04943,35.58138],[127.0509,35.57566],[127.05833,35.575],[127.06492,35.57535],[127.06841,35.57881],[127.07326,35.57952],[127.07674,35.58298],[127.08576,35.58369],[127.08924,35.58715],[127.09409,35.58785],[127.10381,35.59754],[127.10452,35.60172],[127.09619,35.61008],[127.09583,35.62083],[127.10638,35.6214],[127.11862,35.63277],[127.12442,35.63425],[127.1339,35.6449],[127.13277,35.65221],[127.12964,35.65625],[127.1339,35.66175],[127.13277,35.66888],[127.1286,35.67425],[127.12973,35.68554],[127.13693,35.69362],[127.1411,35.70196],[127.14233,35.71577],[127.14804,35.71723],[127.17696,35.73277],[127.1875,35.73333],[127.18824,35.7258],[127.19967,35.72414],[127.20355,35.71883],[127.20513,35.7129],[127.21029,35.7089],[127.22826,35.7077],[127.23002,35.70085],[127.2371,35.69903],[127.2411,35.69388],[127.24288,35.68693],[127.25324,35.68819],[127.2589,35.69498],[127.25777,35.71471],[127.25464,35.71875],[127.2589,35.72425],[127.25777,35.73554],[127.2536,35.74092],[127.25479,35.76159],[127.25833,35.7625],[127.25918,35.76582],[127.27439,35.77175],[127.275,35.7875],[127.27742,35.78785],[127.28091,35.79131],[127.29583,35.79167],[127.29668,35.79498],[127.30473,35.79705],[127.3036,35.80638],[127.30001,35.811],[127.30612,35.8161],[127.31184,35.81757],[127.31316,35.83243],[127.32044,35.83237],[127.32443,35.82721],[127.32585,35.82168],[127.33138,35.82027],[127.33529,35.81723],[127.34804,35.8161],[127.35612,35.8089],[127.36471,35.80777],[127.37009,35.8036],[127.38124,35.81204],[127.38529,35.8089],[127.39583,35.80833],[127.39699,35.80439],[127.40619,35.79646],[127.41313,35.79443],[127.41187,35.77702],[127.4077,35.77123],[127.40923,35.75806],[127.41627,35.76313],[127.42298,35.76187],[127.43952,35.74646],[127.45341,35.74508],[127.4577,35.73965],[127.45928,35.73428],[127.46644,35.73218],[127.47437,35.72298],[127.4744,35.70101],[127.46888,35.6964],[127.46309,35.69492],[127.4625,35.67083],[127.46608,35.66991],[127.47557,35.65927],[127.47443,35.65196],[127.4661,35.6426],[127.46723,35.63529],[127.4714,35.62991],[127.47009,35.62171],[127.46667,35.62083],[127.46729,35.60924],[127.47415,35.60748],[127.47585,35.60085],[127.4875,35.59583],[127.49265,35.58813],[127.51129,35.58693],[127.51307,35.59388],[127.52027,35.60196],[127.52173,35.60767],[127.5366,35.60899],[127.54255,35.62429],[127.55328,35.62571],[127.55473,35.63138],[127.55873,35.63653],[127.56471,35.63807],[127.57018,35.64263],[127.57083,35.65],[127.57415,35.64915],[127.575,35.64583],[127.57846,35.64495],[127.57988,35.63422],[127.58554,35.63277],[127.59092,35.6286],[127.59804,35.62973],[127.61029,35.6411],[127.62083,35.64167],[127.62119,35.63924],[127.62465,35.63576],[127.62535,35.63091],[127.63298,35.62326],[127.63333,35.62083],[127.63091,35.62048],[127.62742,35.61702],[127.62258,35.61631],[127.61702,35.61079],[127.61631,35.60174],[127.61285,35.59826],[127.61215,35.58924],[127.58785,35.56492],[127.5875,35.55417],[127.57583,35.5453],[127.57438,35.53534],[127.57145,35.53133],[127.57022,35.52426],[127.57855,35.51466],[127.58277,35.50625],[127.57824,35.49676],[127.56319,35.49067],[127.56179,35.47164],[127.55201,35.47022],[127.54799,35.46728],[127.53286,35.46605],[127.51883,35.47438],[127.50083,35.47428],[127.4994,35.46613],[127.50356,35.46051],[127.50477,35.44113],[127.50054,35.43542],[127.50356,35.43134],[127.50477,35.42029],[127.5006,35.41467],[127.4994,35.40779],[127.50477,35.39783],[127.5119,35.38967],[127.5131,35.38533],[127.51685,35.38028],[127.52083,35.37917],[127.52557,35.37158],[127.52443,35.36446],[127.5214,35.36054],[127.52012,35.35089],[127.51667,35.35],[127.51702,35.30591],[127.52048,35.30242],[127.52083,35.3],[127.52742,35.29965],[127.53162,35.29548],[127.54409,35.29619],[127.54758,35.29965],[127.55242,35.30035],[127.55591,35.30381],[127.56076,35.30452],[127.56841,35.31215],[127.59409,35.31285],[127.59758,35.31631],[127.60246,35.31702],[127.60798,35.32258],[127.60869,35.32746],[127.61424,35.33298],[127.61667,35.33333],[127.62083,35.33333],[127.62168,35.33002],[127.62721,35.3286],[127.63259,35.32443],[127.64388,35.32557],[127.64925,35.32973],[127.65638,35.3286],[127.66573,35.32027],[127.67292,35.32453],[127.67696,35.3214],[127.69077,35.32017],[127.69202,35.28508],[127.70381,35.27326],[127.70417,35.26667],[127.70748,35.26582],[127.70833,35.2625],[127.71888,35.26193],[127.72279,35.2589],[127.73138,35.25777],[127.73529,35.25473],[127.74491,35.25346],[127.74943,35.24804],[127.75502,35.23418],[127.76054,35.23277],[127.76862,35.22557],[127.77696,35.2214],[127.7875,35.22083],[127.78807,35.21446],[127.79527,35.20221],[127.79654,35.19255],[127.80332,35.19082],[127.80513,35.18373],[127.81029,35.17973],[127.81582,35.17832],[127.81759,35.17142],[127.82696,35.16307],[127.84077,35.16184],[127.84202,35.14341],[127.84619,35.13921],[127.84548,35.12674],[127.84202,35.12326],[127.84131,35.11841],[127.83785,35.11492],[127.8375,35.10833],[127.84388,35.10777],[127.85221,35.1036],[127.86029,35.0964],[127.86627,35.09487],[127.87036,35.08958],[127.8661,35.08408],[127.86723,35.07696],[127.87557,35.0676],[127.8713,35.06042],[127.87973,35.04658],[127.8786,35.04362],[127.86713,35.03126],[127.8714,35.02575],[127.87019,35.00924],[127.86316,35.00743],[127.86184,34.99263],[127.85638,34.98807],[127.85196,34.98693],[127.84388,34.97973],[127.82696,34.9786],[127.82304,34.97557],[127.81592,34.97443],[127.81054,34.9786],[127.78841,34.97979],[127.78665,34.98665],[127.77917,34.9875],[127.77851,34.99493],[127.77279,34.9964],[127.76875,34.99953],[127.76471,34.9964],[127.75759,34.99527],[127.75097,35.0004],[127.74943,35.00638],[127.74544,35.01153],[127.74167,35.0125],[127.74202,35.01909],[127.74582,35.02292],[127.73785,35.03091],[127.73676,35.0492],[127.72701,35.05062],[127.71034,35.05895],[127.69248,35.07564],[127.69105,35.08549],[127.68395,35.09367],[127.67824,35.10741],[127.66883,35.11188],[127.65617,35.11312],[127.64953,35.11728],[127.64383,35.11312],[127.63117,35.11188],[127.62616,35.10822],[127.625,35.10417],[127.62083,35.10417],[127.62048,35.10659],[127.61079,35.11631],[127.60591,35.11702],[127.60242,35.12048],[127.58946,35.12027],[127.57721,35.11307],[127.56755,35.11179],[127.56162,35.09657],[127.55342,35.09527],[127.54804,35.09943],[127.53333,35.1],[127.53333,35.0875],[127.51034,35.08688],[127.50201,35.08272],[127.48415,35.06603],[127.48252,35.05486],[127.46169,35.05355],[127.44793,35.06611],[127.43843,35.06157],[127.4365,35.05484],[127.41451,35.05355],[127.40633,35.04645],[127.40174,35.04619],[127.39826,35.04965],[127.39341,35.05035],[127.37326,35.07048],[127.36495,35.07119],[127.36076,35.06702],[127.34412,35.06631],[127.33992,35.07048],[127.3375,35.07083],[127.3375,35.07917],[127.33508,35.07881],[127.32742,35.07119],[127.325,35.07083],[127.32465,35.06424],[127.32119,35.06076],[127.32048,35.05174],[127.31702,35.04826],[127.31631,35.01005],[127.31076,35.00452],[127.30417,35.00417],[127.30473,34.99779],[127.31193,34.98971],[127.31307,34.96446],[127.31723,34.95908],[127.31593,34.95088],[127.30894,34.94909],[127.30775,34.90518],[127.30221,34.90057],[127.26342,34.8994],[127.26153,34.89206],[127.25417,34.8875],[127.25381,34.86841],[127.25035,34.86492],[127.25,34.8625],[127.24758,34.86215],[127.24409,34.85869],[127.23508,34.85798],[127.22535,34.84829],[127.225,34.84167],[127.21879,34.83816],[127.20923,34.83667],[127.20768,34.82892],[127.21187,34.82292],[127.20768,34.81454],[127.1957,34.80125],[127.17712,34.79232],[127.17059,34.79101],[127.16462,34.79518],[127.14975,34.79649],[127.14379,34.79232],[127.12156,34.79093],[127.12018,34.76454],[127.11316,34.75629],[127.1125,34.74583],[127.10899,34.74493],[127.10777,34.73529],[127.0964,34.72304],[127.09462,34.7161],[127.08529,34.71723],[127.08138,34.72027],[127.07083,34.72083],[127.06998,34.71752],[127.05456,34.71153],[127.05057,34.70638],[127.0493,34.69675],[127.02158,34.6786],[127.01325,34.6839],[127.00612,34.68277],[127.00208,34.67964],[126.99804,34.68277],[126.98529,34.6839],[126.97917,34.6875]]]}},{"type":"Feature","properties":{"name":"압록강","mainBas":4060005710,"memberIds":[4060005710,4060449570,4060449580,4060423200,4060423090,4060419040,4060418870,4060404250,4060404490],"sourceAreaKm2":62213.3},"geometry":{"type":"MultiPolygon","coordinates":[[[[124.31186,40.03964],[124.30477,40.05209],[124.3119,40.06042],[124.30481,40.0687],[124.30352,40.08547],[124.29648,40.0937],[124.29169,40.10291],[124.28125,40.10773],[124.27708,40.10477],[124.27155,40.1091],[124.27011,40.13256],[124.2562,40.13398],[124.24797,40.14102],[124.23826,40.1425],[124.2375,40.15],[124.23508,40.15035],[124.23159,40.15381],[124.225,40.15417],[124.22557,40.16054],[124.2286,40.16446],[124.22973,40.17795],[124.22279,40.17973],[124.21732,40.18429],[124.21667,40.19167],[124.21042,40.18797],[124.20638,40.1911],[124.19906,40.19223],[124.18971,40.1839],[124.17425,40.18277],[124.16875,40.18703],[124.16471,40.1839],[124.15332,40.18277],[124.14654,40.18842],[124.14512,40.19911],[124.13946,40.20057],[124.1343,40.20456],[124.13298,40.21076],[124.12952,40.21424],[124.12917,40.21667],[124.09779,40.21723],[124.08815,40.22597],[124.08693,40.23971],[124.08277,40.24658],[124.08693,40.25196],[124.08807,40.26129],[124.07279,40.26723],[124.06471,40.27443],[124.05934,40.27581],[124.05777,40.27991],[124.06193,40.28529],[124.06307,40.29658],[124.05794,40.3032],[124.05196,40.30473],[124.04804,40.30777],[124.03529,40.3089],[124.02696,40.31307],[124.01888,40.32027],[124.01446,40.3214],[124.00638,40.3286],[123.99804,40.33277],[123.9875,40.33333],[123.98243,40.34517],[123.97083,40.34583],[123.97048,40.34826],[123.96702,40.35174],[123.96631,40.35659],[123.96079,40.36214],[123.95417,40.3625],[123.9496,40.36987],[123.93404,40.37589],[123.93277,40.38554],[123.92973,40.38946],[123.9286,40.39804],[123.92547,40.40208],[123.93277,40.41446],[123.9339,40.43138],[123.9375,40.4375],[123.93715,40.44409],[123.93162,40.44965],[123.92083,40.45],[123.9197,40.45443],[123.89804,40.44223],[123.88675,40.4411],[123.88013,40.44623],[123.87917,40.45],[123.88703,40.46458],[123.88277,40.47304],[123.87819,40.47853],[123.86029,40.47973],[123.85487,40.48425],[123.85346,40.49495],[123.84779,40.4964],[123.84388,40.49943],[123.81862,40.50057],[123.80925,40.50892],[123.80748,40.51582],[123.80417,40.51667],[123.78861,40.50815],[123.7869,40.50199],[123.78102,40.49523],[123.77161,40.49662],[123.77008,40.50738],[123.76341,40.50924],[123.7619,40.51467],[123.7538,40.52394],[123.74758,40.52465],[123.74409,40.52119],[123.7375,40.52083],[123.73684,40.54077],[123.73333,40.54167],[123.73807,40.55075],[123.7339,40.55612],[123.73277,40.56741],[123.73704,40.57293],[123.72858,40.58241],[123.72184,40.58414],[123.72027,40.58825],[123.7254,40.59487],[123.73138,40.5964],[123.74102,40.60514],[123.74223,40.61962],[123.73392,40.62175],[123.73245,40.66596],[123.72279,40.66723],[123.71667,40.67083],[123.71631,40.66838],[123.71005,40.66215],[123.70591,40.66285],[123.70171,40.66702],[123.68924,40.66631],[123.68542,40.66251],[123.67742,40.67048],[123.67258,40.67119],[123.66909,40.67465],[123.66008,40.67535],[123.65659,40.67881],[123.64758,40.67952],[123.64409,40.68298],[123.63924,40.68369],[123.63576,40.68715],[123.63333,40.6875],[123.63369,40.68992],[123.63921,40.69548],[123.64409,40.69619],[123.64964,40.70171],[123.65035,40.70659],[123.65381,40.71008],[123.65452,40.71422],[123.64202,40.72674],[123.64131,40.73992],[123.63785,40.74341],[123.6375,40.75417],[123.63091,40.75452],[123.62742,40.75798],[123.61841,40.75869],[123.60869,40.76838],[123.60798,40.77742],[123.60246,40.78298],[123.6,40.78333],[123.60085,40.78665],[123.6116,40.78816],[123.61347,40.79544],[123.61862,40.79943],[123.63138,40.80473],[123.64362,40.8161],[123.65221,40.81723],[123.66156,40.82557],[123.68554,40.82443],[123.69092,40.82027],[123.70638,40.8214],[123.71446,40.8286],[123.72411,40.82988],[123.73418,40.85332],[123.7375,40.85417],[123.73871,40.84943],[123.76471,40.85057],[123.77291,40.85787],[123.77842,40.8536],[123.78971,40.85473],[123.79362,40.85777],[123.81054,40.8589],[123.81592,40.86307],[123.82721,40.86193],[123.83112,40.8589],[123.83665,40.85748],[123.8375,40.85417],[123.84225,40.85542],[123.84109,40.86886],[123.83692,40.87432],[123.83814,40.8949],[123.84641,40.89709],[123.84497,40.90344],[123.83421,40.90489],[123.82859,40.91171],[123.82992,40.91993],[123.83663,40.9217],[123.83841,40.92844],[123.84803,40.92975],[123.85636,40.93391],[123.86578,40.94225],[123.89386,40.94109],[123.9,40.9375],[123.90035,40.93992],[123.90798,40.94758],[123.90898,40.97713],[123.91731,40.98782],[123.91314,40.9937],[123.91186,41.00325],[123.92845,41.00494],[123.92989,41.02839],[123.94504,41.02994],[123.94648,41.04199],[123.94231,41.04787],[123.94087,41.05732],[123.9343,41.0593],[123.93333,41.06667],[123.93418,41.06998],[123.94826,41.07119],[123.95381,41.07671],[123.9536,41.08971],[123.95057,41.09362],[123.94943,41.11335],[123.95515,41.1202],[123.97304,41.1214],[123.97696,41.12443],[123.98267,41.1259],[123.9839,41.13971],[123.98693,41.14362],[123.9875,41.15],[123.99826,41.14965],[124.01008,41.13785],[124.0125,41.1375],[124.01307,41.13112],[124.0161,41.12721],[124.01763,41.12123],[124.02279,41.11723],[124.02858,41.11575],[124.03693,41.10638],[124.03807,41.09362],[124.0536,41.07304],[124.05473,41.06446],[124.06193,41.05638],[124.06347,41.0504],[124.06862,41.0464],[124.07721,41.04527],[124.08112,41.04223],[124.08665,41.04082],[124.0875,41.0375],[124.10216,41.03812],[124.11049,41.04228],[124.1201,41.05062],[124.13966,41.04938],[124.14799,41.04522],[124.15617,41.03812],[124.16451,41.03395],[124.17299,41.03272],[124.1787,41.02855],[124.19087,41.02992],[124.19243,41.04069],[124.19799,41.04228],[124.2037,41.04645],[124.21049,41.04522],[124.2162,41.04105],[124.22404,41.04247],[124.22855,41.05201],[124.22978,41.06049],[124.23395,41.0662],[124.23272,41.07716],[124.22909,41.08212],[124.23576,41.08369],[124.25245,41.10035],[124.26492,41.09965],[124.26912,41.09548],[124.27326,41.09619],[124.27674,41.09965],[124.28554,41.09943],[124.28946,41.0964],[124.29544,41.09487],[124.30057,41.08825],[124.29527,41.07696],[124.28796,41.06876],[124.2911,41.06471],[124.29263,41.05873],[124.29925,41.0536],[124.30638,41.05473],[124.31446,41.06193],[124.32279,41.0661],[124.33138,41.06723],[124.34375,41.07453],[124.34779,41.0714],[124.35351,41.06993],[124.35483,41.05507],[124.36165,41.05332],[124.3625,41.05],[124.36492,41.05035],[124.37258,41.05798],[124.39409,41.05869],[124.41078,41.07535],[124.42326,41.07465],[124.42674,41.07119],[124.43992,41.07048],[124.44758,41.06285],[124.47326,41.06215],[124.47674,41.05869],[124.48554,41.05777],[124.49925,41.04943],[124.50744,41.05074],[124.51193,41.05612],[124.51335,41.06165],[124.52877,41.06763],[124.53277,41.07279],[124.53404,41.0824],[124.54779,41.09527],[124.56054,41.0964],[124.56446,41.09943],[124.58333,41.1],[124.58422,41.09654],[124.59388,41.09527],[124.59779,41.09223],[124.60332,41.09082],[124.60417,41.0875],[124.61034,41.09105],[124.6338,41.09228],[124.63951,41.08812],[124.65047,41.08688],[124.65617,41.09105],[124.66596,41.09247],[124.66728,41.11049],[124.67022,41.11451],[124.67165,41.12433],[124.70216,41.12562],[124.71139,41.13363],[124.71312,41.13966],[124.72855,41.15617],[124.7286,41.16471],[124.72443,41.17009],[124.73277,41.18529],[124.73404,41.19495],[124.73975,41.19636],[124.74523,41.20108],[124.74636,41.21344],[124.73702,41.22817],[124.73839,41.23256],[124.74391,41.23386],[124.74936,41.23855],[124.75053,41.24808],[124.7578,41.25609],[124.76339,41.27012],[124.77304,41.2714],[124.77696,41.27443],[124.78262,41.27589],[124.7839,41.28554],[124.7875,41.29167],[124.78992,41.29202],[124.79341,41.29548],[124.81054,41.2964],[124.81446,41.29943],[124.82721,41.30057],[124.83112,41.3036],[124.83684,41.30507],[124.83816,41.31987],[124.84375,41.32453],[124.84925,41.32027],[124.86054,41.3214],[124.86667,41.325],[124.86186,41.33301],[124.86314,41.3438],[124.86731,41.34968],[124.85894,41.36041],[124.8619,41.36459],[124.85352,41.37437],[124.85481,41.39797],[124.85898,41.40384],[124.8506,41.41875],[124.85769,41.42703],[124.85911,41.44098],[124.87917,41.44167],[124.87881,41.46076],[124.87535,41.46424],[124.875,41.46667],[124.87917,41.475],[124.89409,41.47535],[124.89758,41.47881],[124.90377,41.48013],[124.90777,41.48529],[124.90925,41.49108],[124.91862,41.49943],[124.93138,41.50057],[124.93529,41.5036],[124.94491,41.50487],[124.94943,41.51029],[124.9509,41.51601],[124.95833,41.51667],[124.95833,41.53333],[124.96165,41.53248],[124.9625,41.52917],[124.97083,41.52917],[124.98529,41.53693],[124.99082,41.53835],[124.99252,41.54498],[124.99935,41.54674],[125.01193,41.56029],[125.01347,41.56627],[125.01862,41.57027],[125.02828,41.57154],[125.0343,41.5871],[125.03946,41.5911],[125.04911,41.59238],[125.05097,41.5996],[125.05612,41.6036],[125.06165,41.60502],[125.06347,41.6121],[125.06862,41.6161],[125.0866,41.61601],[125.08839,41.60904],[125.09804,41.60777],[125.10196,41.60473],[125.11909,41.60452],[125.12258,41.60798],[125.12746,41.60869],[125.13298,41.61424],[125.13369,41.61909],[125.13715,41.62258],[125.13786,41.62746],[125.14412,41.63369],[125.14826,41.63298],[125.15245,41.62881],[125.16076,41.62952],[125.17258,41.64131],[125.17742,41.64202],[125.18091,41.64548],[125.18576,41.64619],[125.19341,41.65381],[125.21667,41.65417],[125.21732,41.66462],[125.22149,41.6715],[125.20896,41.68541],[125.21184,41.68954],[125.21316,41.71163],[125.19371,41.71316],[125.1846,41.72091],[125.1823,41.72835],[125.17161,41.73002],[125.17004,41.74513],[125.13538,41.74649],[125.12917,41.75],[125.12978,41.75633],[125.13413,41.76176],[125.14799,41.76312],[125.1618,41.77584],[125.16312,41.79483],[125.15122,41.79657],[125.14938,41.80047],[125.15355,41.80617],[125.15478,41.83233],[125.1424,41.83414],[125.14095,41.84901],[125.13133,41.85355],[125.10833,41.85417],[125.10502,41.85502],[125.10417,41.85833],[125.10862,41.86585],[125.12423,41.86744],[125.12564,41.8813],[125.13333,41.89167],[125.13958,41.88797],[125.14509,41.89223],[125.1574,41.88277],[125.16577,41.88406],[125.17027,41.88946],[125.17168,41.89498],[125.18554,41.90057],[125.19362,41.90777],[125.20325,41.90904],[125.20777,41.91446],[125.20918,41.91998],[125.2125,41.92083],[125.21316,41.92827],[125.225,41.93333],[125.23554,41.9339],[125.23958,41.93703],[125.24375,41.9338],[125.25612,41.9411],[125.26471,41.94223],[125.26862,41.94527],[125.27415,41.94668],[125.27597,41.95377],[125.28112,41.95777],[125.29383,41.95772],[125.29784,41.95478],[125.30754,41.95337],[125.30914,41.9424],[125.32299,41.94105],[125.32701,41.93812],[125.33549,41.93688],[125.34784,41.92562],[125.36984,41.92432],[125.37176,41.91759],[125.37905,41.91551],[125.38272,41.91049],[125.38426,41.90509],[125.41049,41.90478],[125.41883,41.90895],[125.42701,41.91605],[125.43218,41.91753],[125.43395,41.9213],[125.42888,41.92824],[125.42995,41.93679],[125.44919,41.93821],[125.45062,41.94799],[125.46286,41.96141],[125.46991,41.96343],[125.47083,41.96667],[125.47742,41.96702],[125.48091,41.97048],[125.51492,41.97119],[125.51841,41.97465],[125.525,41.975],[125.525,41.9625],[125.52917,41.9625],[125.53002,41.95918],[125.5371,41.95737],[125.5411,41.95221],[125.54223,41.93946],[125.54527,41.93554],[125.54674,41.92981],[125.56029,41.91723],[125.56582,41.91582],[125.57168,41.90085],[125.57721,41.89943],[125.58946,41.89223],[125.59804,41.8911],[125.60612,41.8839],[125.61446,41.87973],[125.62917,41.87917],[125.64096,41.88422],[125.64237,41.89491],[125.64779,41.89943],[125.65659,41.90035],[125.66079,41.90452],[125.68159,41.90381],[125.68508,41.90035],[125.69409,41.89965],[125.69829,41.89548],[125.70659,41.89619],[125.71079,41.90035],[125.73576,41.89965],[125.73924,41.89619],[125.74409,41.89548],[125.74758,41.89202],[125.76076,41.89202],[125.76424,41.89548],[125.76909,41.89619],[125.77674,41.90381],[125.78159,41.90452],[125.78508,41.90798],[125.79409,41.90869],[125.79964,41.91421],[125.8006,41.91884],[125.80356,41.92283],[125.80484,41.945],[125.81304,41.94644],[125.82708,41.93804],[125.83116,41.94106],[125.84384,41.94227],[125.84783,41.94523],[125.85634,41.94644],[125.86172,41.95079],[125.86325,41.96155],[125.86884,41.96311],[125.87424,41.96747],[125.8756,41.97784],[125.8625,41.98333],[125.87193,41.99523],[125.88427,41.99636],[125.89067,41.99118],[125.89506,41.99255],[125.89619,41.99829],[125.90591,42.00798],[125.91076,42.00869],[125.92328,42.02119],[125.93992,42.02048],[125.94412,42.01631],[125.95245,42.01702],[125.95798,42.02258],[125.95869,42.02742],[125.96215,42.03091],[125.96286,42.03579],[125.96841,42.04131],[125.97083,42.04167],[125.96577,42.05351],[125.95196,42.05473],[125.94804,42.05777],[125.93924,42.05869],[125.93576,42.06215],[125.91841,42.06285],[125.91492,42.06631],[125.90417,42.06667],[125.90502,42.06998],[125.91054,42.0714],[125.91991,42.07975],[125.92083,42.08333],[125.93159,42.08369],[125.93508,42.08715],[125.94498,42.08665],[125.94674,42.07979],[125.96741,42.0786],[125.97279,42.08277],[125.98138,42.0839],[125.98971,42.08807],[125.99908,42.09642],[126.00057,42.10221],[126.00456,42.10737],[126.01183,42.10923],[126.01307,42.12158],[126.00833,42.12917],[126.02083,42.12917],[126.02205,42.12443],[126.03554,42.12557],[126.03946,42.1286],[126.08554,42.12973],[126.09388,42.1339],[126.10196,42.1411],[126.11862,42.14943],[126.12721,42.15057],[126.13112,42.1536],[126.14167,42.15417],[126.14258,42.15059],[126.16667,42.15],[126.1678,42.15443],[126.17292,42.15047],[126.17696,42.1536],[126.18554,42.15473],[126.19779,42.1661],[126.20612,42.17027],[126.22721,42.1714],[126.23554,42.17557],[126.24901,42.18807],[126.25638,42.18693],[126.26175,42.18277],[126.33971,42.1839],[126.34362,42.18693],[126.35,42.1875],[126.35771,42.20208],[126.35351,42.20809],[126.35768,42.21454],[126.35899,42.22296],[126.36184,42.22704],[126.36326,42.24508],[126.38227,42.24657],[126.3846,42.25409],[126.39371,42.26184],[126.40417,42.26667],[126.40417,42.27083],[126.41076,42.27119],[126.41424,42.27465],[126.47742,42.27535],[126.48091,42.27881],[126.50659,42.27952],[126.51008,42.28298],[126.5125,42.28333],[126.51606,42.28242],[126.51702,42.26005],[126.52674,42.25035],[126.53576,42.24965],[126.54341,42.24202],[126.54826,42.24131],[126.55174,42.23785],[126.55659,42.23715],[126.56008,42.23369],[126.56912,42.23298],[126.57465,42.22742],[126.575,42.225],[126.57742,42.22535],[126.58162,42.22952],[126.58992,42.22881],[126.59412,42.22465],[126.60242,42.22535],[126.60591,42.22881],[126.61909,42.22952],[126.62745,42.23785],[126.64409,42.23715],[126.64758,42.23369],[126.65417,42.23333],[126.65482,42.22596],[126.66029,42.2214],[126.66862,42.21723],[126.68138,42.2161],[126.68529,42.21307],[126.69107,42.21158],[126.69167,42.175],[126.69202,42.17258],[126.69619,42.16838],[126.69548,42.15591],[126.69131,42.15171],[126.69202,42.14758],[126.69548,42.14409],[126.69668,42.12585],[126.70417,42.125],[126.71042,42.1287],[126.71592,42.12443],[126.72425,42.12973],[126.73259,42.12443],[126.74388,42.12557],[126.74925,42.12973],[126.76576,42.12852],[126.7678,42.12057],[126.77279,42.12443],[126.78138,42.12557],[126.78675,42.12973],[126.79804,42.1286],[126.80208,42.12547],[126.80759,42.12973],[126.81862,42.1214],[126.82828,42.12012],[126.82881,42.11421],[126.82326,42.10869],[126.82083,42.10833],[126.81193,42.09677],[126.81307,42.08946],[126.81723,42.08408],[126.81193,42.07575],[126.81317,42.0634],[126.82044,42.06153],[126.82454,42.05624],[126.80057,42.03138],[126.79943,42.02696],[126.78807,42.01471],[126.7875,42.0],[126.79383,42.00062],[126.79953,42.00478],[126.80633,42.00355],[126.81867,41.99645],[126.83253,41.9951],[126.83414,41.98407],[126.84901,41.98262],[126.85097,41.97577],[126.86217,41.97414],[126.86667,41.96667],[126.88576,41.96631],[126.89341,41.95869],[126.90242,41.95798],[126.90591,41.95452],[126.91909,41.95381],[126.92258,41.95035],[126.93159,41.94965],[126.94375,41.93751],[126.94758,41.94131],[126.9625,41.94167],[126.96307,41.94804],[126.9754,41.96133],[126.96862,41.96307],[126.9631,41.96767],[126.9625,41.98333],[126.97399,41.98395],[126.98693,41.99779],[126.98847,42.00377],[126.99509,42.0089],[127.0116,42.00769],[127.01371,41.99943],[127.02721,42.00057],[127.03125,42.0037],[127.03529,42.00057],[127.04804,41.99943],[127.05612,41.99223],[127.06471,41.9911],[127.06862,41.98807],[127.09388,41.98693],[127.09793,41.9838],[127.10833,41.99167],[127.14167,41.99167],[127.14202,41.98921],[127.14758,41.98369],[127.15242,41.98298],[127.15591,41.97952],[127.16076,41.97881],[127.16841,41.97119],[127.17326,41.97048],[127.17674,41.96702],[127.18162,41.96631],[127.19548,41.95242],[127.19619,41.94758],[127.20035,41.94338],[127.19965,41.93924],[127.19619,41.93576],[127.19705,41.92027],[127.22304,41.9214],[127.22696,41.92443],[127.23333,41.925],[127.2343,41.92123],[127.23946,41.91723],[127.24498,41.91582],[127.24583,41.9125],[127.25659,41.91285],[127.26008,41.91631],[127.27742,41.91702],[127.28091,41.92048],[127.28992,41.92119],[127.30174,41.93298],[127.34076,41.93396],[127.34252,41.94082],[127.34804,41.94223],[127.3574,41.95057],[127.36862,41.94223],[127.37304,41.9411],[127.38529,41.92973],[127.40221,41.9286],[127.41029,41.9214],[127.41471,41.92027],[127.42696,41.9089],[127.43333,41.90833],[127.43423,41.90483],[127.44804,41.9036],[127.45417,41.9],[127.45502,41.89668],[127.46054,41.89527],[127.4699,41.88693],[127.48138,41.88807],[127.48675,41.89223],[127.49388,41.8911],[127.50759,41.88277],[127.53138,41.8839],[127.53529,41.88693],[127.55833,41.8875],[127.55899,41.88121],[127.56316,41.87525],[127.56179,41.84241],[127.54167,41.84167],[127.54202,41.83921],[127.54758,41.83369],[127.55242,41.83298],[127.55662,41.82881],[127.56492,41.82952],[127.56877,41.83333],[127.57465,41.82742],[127.57535,41.81424],[127.57881,41.81076],[127.57917,41.80417],[127.58159,41.80452],[127.58579,41.80869],[127.59409,41.80798],[127.59758,41.80452],[127.60242,41.80381],[127.61495,41.79131],[127.63159,41.79202],[127.63579,41.79619],[127.63992,41.79548],[127.64375,41.79168],[127.64829,41.79619],[127.65242,41.79548],[127.66008,41.78785],[127.66492,41.78715],[127.67258,41.77952],[127.67742,41.77881],[127.68091,41.77535],[127.68576,41.77465],[127.68924,41.77119],[127.69826,41.77048],[127.70591,41.76285],[127.71909,41.76215],[127.72258,41.75869],[127.73159,41.75798],[127.73508,41.75452],[127.75242,41.75381],[127.76008,41.74619],[127.76492,41.74548],[127.76841,41.74202],[127.77742,41.74131],[127.78091,41.73785],[127.8125,41.7375],[127.81285,41.72258],[127.82465,41.71076],[127.825,41.70833],[127.83333,41.7125],[127.83418,41.71582],[127.83971,41.71723],[127.84779,41.72443],[127.85332,41.72585],[127.85513,41.73294],[127.86175,41.73807],[127.88138,41.73693],[127.88542,41.7338],[127.88959,41.73704],[127.89906,41.7286],[127.90377,41.7303],[127.91193,41.73946],[127.91335,41.74498],[127.92742,41.74619],[127.93091,41.74965],[127.94167,41.75],[127.94673,41.76184],[127.95417,41.7625],[127.9536,41.77304],[127.94943,41.77842],[127.95074,41.78662],[127.96079,41.78785],[127.96631,41.79341],[127.96702,41.79829],[127.97258,41.80381],[127.98992,41.80452],[127.99341,41.80798],[127.99826,41.80869],[128.00174,41.81215],[128.00659,41.81285],[128.01008,41.81631],[128.01492,41.81702],[128.01841,41.82048],[128.0491,41.82149],[128.05057,41.82721],[128.0661,41.84362],[128.06723,41.85221],[128.07872,41.86458],[128.0714,41.87279],[128.07027,41.88971],[128.06307,41.90196],[128.06193,41.90918],[128.06756,41.91593],[128.07575,41.91723],[128.08125,41.91297],[128.08749,41.91816],[128.0839,41.92279],[128.08277,41.93138],[128.07443,41.94241],[128.0786,41.94779],[128.07973,41.95491],[128.07044,41.96987],[128.06667,41.97083],[128.06752,41.97832],[128.07415,41.98002],[128.07597,41.9871],[128.08112,41.9911],[128.1,41.99167],[128.10332,41.99082],[128.10417,41.98333],[128.10748,41.98248],[128.10924,41.97562],[128.12329,41.97464],[128.13298,41.96492],[128.13267,41.92162],[128.1177,41.92009],[128.11252,41.90958],[128.12286,41.90481],[128.1313,41.90352],[128.13953,41.89648],[128.15214,41.89519],[128.15801,41.89102],[128.16464,41.89231],[128.16875,41.89523],[128.17286,41.89231],[128.17917,41.89167],[128.18675,41.8964],[128.25221,41.89527],[128.25759,41.8911],[128.27826,41.89229],[128.28038,41.90057],[128.28554,41.89943],[128.28946,41.8964],[128.29498,41.89498],[128.29649,41.86038],[128.30351,41.85212],[128.3049,41.8299],[128.32712,41.82851],[128.33538,41.82149],[128.34379,41.82018],[128.35212,41.81601],[128.36038,41.80899],[128.36676,41.80702],[128.37182,41.79682],[128.379,41.7946],[128.39583,41.775],[128.40242,41.77465],[128.40591,41.77119],[128.41667,41.77083],[128.42279,41.77443],[128.43245,41.77571],[128.43277,41.78554],[128.4286,41.79092],[128.42984,41.80327],[128.43992,41.80381],[128.44341,41.80035],[128.45417,41.8],[128.45452,41.79338],[128.46008,41.78785],[128.46667,41.7875],[128.46702,41.78508],[128.47048,41.78159],[128.47119,41.77671],[128.47745,41.77048],[128.48159,41.77119],[128.48542,41.77499],[128.48924,41.77119],[128.49409,41.77048],[128.49758,41.76702],[128.5,41.76667],[128.50057,41.76029],[128.50777,41.75221],[128.50918,41.74668],[128.51723,41.74462],[128.5161,41.73529],[128.51193,41.72991],[128.51351,41.72581],[128.51998,41.72415],[128.5218,41.71706],[128.52696,41.71307],[128.52917,41.7125],[128.53008,41.71604],[128.5438,41.71731],[128.54968,41.72148],[128.55463,41.71888],[128.57852,41.6938],[128.58009,41.68355],[128.58536,41.67981],[128.5938,41.67852],[128.59786,41.67564],[128.61047,41.67436],[128.62286,41.66731],[128.63676,41.66589],[128.63814,41.64786],[128.64519,41.63547],[128.64648,41.62703],[128.65356,41.61458],[128.64915,41.60502],[128.64341,41.60381],[128.63785,41.59829],[128.63835,41.58835],[128.64167,41.5875],[128.64202,41.58091],[128.64548,41.57742],[128.64583,41.55],[128.64517,41.54257],[128.6379,41.5407],[128.6338,41.53541],[128.6411,41.52721],[128.64527,41.51888],[128.64583,41.47917],[128.64619,41.47674],[128.64965,41.47326],[128.65,41.4625],[128.6468,41.46154],[128.64227,41.45208],[128.64519,41.44797],[128.64648,41.44117],[128.64092,41.43407],[128.62161,41.43259],[128.62119,41.42258],[128.63298,41.41076],[128.63864,41.39557],[128.64509,41.40057],[128.66151,41.39936],[128.67557,41.38433],[128.67436,41.36757],[128.66752,41.36582],[128.6661,41.36029],[128.66193,41.35491],[128.66324,41.34673],[128.66862,41.34223],[128.67721,41.3411],[128.68112,41.33807],[128.68685,41.3366],[128.69943,41.32304],[128.70097,41.31706],[128.70612,41.31307],[128.71578,41.31179],[128.71759,41.30475],[128.72696,41.2964],[128.74388,41.29527],[128.75,41.29167],[128.75066,41.28423],[128.7586,41.2822],[128.74943,41.26741],[128.75125,41.26268],[128.75612,41.2589],[128.76307,41.25712],[128.76193,41.22696],[128.7589,41.22304],[128.75798,41.21008],[128.74965,41.20172],[128.75035,41.19758],[128.75798,41.18992],[128.75833,41.18333],[128.74341,41.18298],[128.73958,41.17918],[128.73576,41.18298],[128.72917,41.18333],[128.72557,41.17721],[128.72429,41.16755],[128.72083,41.16667],[128.71841,41.16702],[128.71492,41.17048],[128.70662,41.17119],[128.70242,41.16702],[128.69829,41.16631],[128.69409,41.17048],[128.68946,41.1714],[128.68447,41.17526],[128.68333,41.17083],[128.66424,41.17119],[128.66042,41.17499],[128.65242,41.16702],[128.63995,41.16631],[128.63576,41.17048],[128.62745,41.17119],[128.6125,41.15626],[128.61631,41.15242],[128.61702,41.13508],[128.62048,41.13159],[128.62119,41.11912],[128.61702,41.11492],[128.61631,41.11008],[128.61285,41.10659],[128.61307,41.09779],[128.61723,41.08946],[128.62557,41.0801],[128.62443,41.07279],[128.62027,41.06741],[128.62557,41.05908],[128.6214,41.05221],[128.62018,41.03846],[128.61471,41.0339],[128.61029,41.03277],[128.60221,41.02557],[128.58835,41.01998],[128.58665,41.01335],[128.58002,41.01165],[128.57917,41.00833],[128.56841,41.00798],[128.56492,41.00452],[128.53162,41.00381],[128.52742,41.00798],[128.50591,41.00869],[128.49792,41.01665],[128.48992,41.00869],[128.48508,41.00798],[128.47742,41.00035],[128.47258,40.99965],[128.46909,40.99619],[128.46424,40.99548],[128.46076,40.99202],[128.44758,40.99131],[128.44409,40.98785],[128.43924,40.98715],[128.43576,40.98369],[128.42983,40.98243],[128.42917,40.975],[128.43272,40.96883],[128.43395,40.96034],[128.44105,40.95216],[128.44259,40.94676],[128.45018,40.94459],[128.44228,40.93549],[128.44096,40.91747],[128.43117,40.91605],[128.42299,40.90895],[128.41678,40.90717],[128.41312,40.90216],[128.41157,40.89676],[128.40833,40.89583],[128.40869,40.88508],[128.41215,40.88159],[128.4125,40.87917],[128.40903,40.87817],[128.40772,40.86034],[128.40478,40.85633],[128.40355,40.83534],[128.399,40.82568],[128.37701,40.82438],[128.37299,40.82145],[128.36223,40.81988],[128.37095,40.80533],[128.37801,40.80331],[128.37978,40.79953],[128.37489,40.79283],[128.36867,40.79105],[128.36366,40.78739],[128.35895,40.77716],[128.35833,40.775],[128.36079,40.77464],[128.36631,40.76909],[128.36667,40.76667],[128.36008,40.76631],[128.35659,40.76285],[128.35174,40.76215],[128.34619,40.75662],[128.34548,40.74828],[128.35381,40.73992],[128.35452,40.73162],[128.34619,40.72326],[128.34518,40.70513],[128.33971,40.70057],[128.33373,40.69903],[128.32973,40.69388],[128.3282,40.6879],[128.31471,40.67973],[128.30505,40.67846],[128.30332,40.67168],[128.29779,40.67027],[128.29388,40.66723],[128.28422,40.66596],[128.28248,40.65918],[128.27558,40.65741],[128.26723,40.64804],[128.26582,40.64252],[128.25833,40.64167],[128.25722,40.62935],[128.25217,40.6256],[128.23533,40.6244],[128.22699,40.62023],[128.21884,40.6131],[128.21341,40.61159],[128.20887,40.60208],[128.21311,40.59637],[128.21168,40.58827],[128.20199,40.5869],[128.19801,40.58394],[128.19204,40.58228],[128.18394,40.57301],[128.18228,40.56704],[128.17301,40.55894],[128.16841,40.55869],[128.16492,40.56215],[128.15662,40.56285],[128.15242,40.55869],[128.14167,40.55833],[128.1371,40.5657],[128.13002,40.56752],[128.12832,40.57415],[128.11335,40.58002],[128.11193,40.58554],[128.10473,40.59362],[128.1036,40.60221],[128.1,40.60833],[128.03529,40.60777],[128.03013,40.60377],[128.02825,40.59644],[127.99341,40.59619],[127.98958,40.59999],[127.98576,40.59619],[127.97674,40.59548],[127.97119,40.58996],[127.97048,40.58508],[127.95035,40.56492],[127.94965,40.56008],[127.94619,40.55659],[127.94548,40.54758],[127.94202,40.54409],[127.94167,40.5375],[127.93924,40.53715],[127.93576,40.53369],[127.93091,40.53298],[127.91875,40.52085],[127.91492,40.52465],[127.90833,40.525],[127.89527,40.50932],[127.8964,40.49779],[127.89953,40.49375],[127.8964,40.48971],[127.89498,40.48418],[127.89167,40.48333],[127.89086,40.48649],[127.88675,40.48807],[127.88138,40.4839],[127.87279,40.48277],[127.84779,40.47027],[127.84263,40.46627],[127.8411,40.46029],[127.8371,40.45513],[127.83112,40.4536],[127.81888,40.44223],[127.79779,40.4411],[127.78554,40.4339],[127.78002,40.43248],[127.77917,40.42917],[127.77304,40.42557],[127.75196,40.42443],[127.74804,40.4214],[127.74252,40.41998],[127.74167,40.41667],[127.73423,40.41733],[127.73277,40.42304],[127.72973,40.42696],[127.72846,40.43661],[127.72258,40.43715],[127.71909,40.43369],[127.71667,40.43333],[127.71579,40.43676],[127.70759,40.43807],[127.70097,40.43294],[127.69909,40.42564],[127.68112,40.42443],[127.66737,40.41575],[127.6661,40.40612],[127.66307,40.40221],[127.66159,40.39644],[127.64583,40.39583],[127.64498,40.39915],[127.63259,40.40473],[127.62721,40.40057],[127.60924,40.39936],[127.60748,40.39252],[127.60196,40.3911],[127.59791,40.38796],[127.58971,40.39527],[127.57425,40.3964],[127.55759,40.38693],[127.55221,40.3911],[127.52083,40.39167],[127.50638,40.3839],[127.50085,40.38248],[127.5,40.37917],[127.49341,40.37952],[127.48958,40.38332],[127.48159,40.37535],[127.45507,40.37434],[127.44911,40.35904],[127.43946,40.35777],[127.42279,40.34943],[127.41763,40.34544],[127.41582,40.33835],[127.41029,40.33693],[127.40092,40.32858],[127.4,40.325],[127.39583,40.325],[127.39548,40.29758],[127.39202,40.29409],[127.39131,40.28924],[127.38785,40.28576],[127.38665,40.27168],[127.37123,40.2657],[127.36723,40.26054],[127.3657,40.25456],[127.36054,40.25057],[127.33946,40.24527],[127.33408,40.2411],[127.31446,40.24223],[127.30638,40.24943],[127.29792,40.2537],[127.29375,40.25047],[127.289,40.25415],[127.2839,40.24804],[127.28237,40.24206],[127.27575,40.23693],[127.26446,40.23807],[127.25908,40.24223],[127.25196,40.2411],[127.23971,40.2339],[127.22279,40.23277],[127.21471,40.22557],[127.2004,40.21987],[127.1964,40.21471],[127.19521,40.19266],[127.18971,40.18807],[127.17597,40.18685],[127.16667,40.175],[127.16424,40.17535],[127.16076,40.17881],[127.14583,40.17917],[127.14507,40.18242],[127.14073,40.18386],[127.13558,40.1797],[127.11442,40.17864],[127.10833,40.175],[127.10833,40.17917],[127.10502,40.18002],[127.1036,40.18554],[127.08807,40.20196],[127.08693,40.2051],[127.1036,40.22696],[127.10473,40.24388],[127.10777,40.24779],[127.1089,40.25491],[127.10464,40.26042],[127.1125,40.275],[127.11582,40.27585],[127.11582,40.28248],[127.11029,40.2839],[127.09804,40.2911],[127.08946,40.29223],[127.08138,40.29943],[127.07674,40.30035],[127.07326,40.30381],[127.05417,40.30417],[127.05417,40.3125],[127.0586,40.31364],[127.05473,40.31862],[127.04919,40.33233],[127.04509,40.3339],[127.03971,40.32973],[127.02823,40.3286],[127.01888,40.33693],[126.99388,40.34943],[126.96982,40.35057],[126.95221,40.3339],[126.94906,40.33277],[126.93971,40.3411],[126.93138,40.34527],[126.92279,40.3464],[126.91667,40.35],[126.91446,40.34943],[126.9093,40.34544],[126.9036,40.33112],[126.89527,40.3199],[126.90453,40.3095],[126.9,40.30833],[126.89943,40.30196],[126.8964,40.29804],[126.89487,40.29206],[126.88971,40.28807],[126.88418,40.28665],[126.88245,40.27988],[126.87279,40.2786],[126.86888,40.27557],[126.86029,40.27443],[126.85638,40.2714],[126.84167,40.27083],[126.83835,40.27168],[126.8366,40.27852],[126.82009,40.27973],[126.81458,40.27547],[126.81054,40.2786],[126.80491,40.28005],[126.8036,40.28825],[126.80777,40.29362],[126.8089,40.30075],[126.8036,40.30908],[126.80787,40.31459],[126.79519,40.32826],[126.78835,40.33002],[126.78693,40.33554],[126.78294,40.3407],[126.77917,40.34167],[126.77952,40.34409],[126.79131,40.35591],[126.79202,40.36838],[126.78785,40.37258],[126.78715,40.37742],[126.78369,40.38091],[126.78418,40.38665],[126.7875,40.3875],[126.78277,40.39804],[126.77557,40.40612],[126.77443,40.41054],[126.76994,40.41593],[126.76175,40.41723],[126.75638,40.41307],[126.74288,40.41193],[126.7411,40.41888],[126.7339,40.42696],[126.73277,40.43138],[126.72877,40.43653],[126.72279,40.43807],[126.71888,40.4411],[126.7,40.44167],[126.69964,40.43921],[126.69409,40.43369],[126.68924,40.43298],[126.68576,40.42952],[126.68091,40.42881],[126.67742,40.42535],[126.66424,40.42465],[126.66076,40.42119],[126.65591,40.42048],[126.64826,40.41285],[126.63333,40.4125],[126.62917,40.4125],[126.62881,40.41909],[126.62535,40.42258],[126.62465,40.42742],[126.61912,40.43298],[126.61424,40.43369],[126.61076,40.43715],[126.60591,40.43785],[126.60242,40.44131],[126.59362,40.4411],[126.58971,40.43807],[126.58112,40.43693],[126.57721,40.4339],[126.57168,40.43248],[126.56993,40.42566],[126.55612,40.42443],[126.54804,40.41723],[126.53529,40.4161],[126.53138,40.41307],[126.52205,40.41193],[126.51582,40.42832],[126.51029,40.42973],[126.49804,40.43693],[126.48529,40.43807],[126.47721,40.44527],[126.46862,40.4464],[126.46054,40.4536],[126.44779,40.4536],[126.43815,40.44486],[126.43684,40.43007],[126.43002,40.42832],[126.42832,40.42168],[126.42168,40.41998],[126.42027,40.41446],[126.41723,40.41054],[126.41667,40.39583],[126.40174,40.39548],[126.39202,40.38579],[126.39167,40.38333],[126.38508,40.38369],[126.38159,40.38715],[126.36862,40.38807],[126.35638,40.39527],[126.35085,40.39668],[126.34943,40.40221],[126.34544,40.40737],[126.33333,40.4125],[126.3259,40.41184],[126.32386,40.4039],[126.31888,40.40777],[126.30759,40.4089],[126.30221,40.40473],[126.29362,40.4036],[126.28971,40.40057],[126.27279,40.39943],[126.26874,40.3963],[126.26054,40.4036],[126.24092,40.40473],[126.23554,40.40057],[126.21175,40.39943],[126.20638,40.4036],[126.20196,40.40473],[126.1923,40.41349],[126.1911,40.43138],[126.18807,40.43529],[126.18693,40.44241],[126.1911,40.44779],[126.19223,40.46344],[126.1839,40.47279],[126.18333,40.47917],[126.18091,40.47952],[126.17742,40.48298],[126.17258,40.48369],[126.16492,40.49131],[126.15833,40.49167],[126.15798,40.48505],[126.15242,40.47952],[126.14338,40.47881],[126.13369,40.46909],[126.13333,40.4625],[126.13684,40.4616],[126.13785,40.44341],[126.14619,40.43505],[126.14548,40.42674],[126.14202,40.42326],[126.14131,40.41008],[126.13715,40.40588],[126.13785,40.39341],[126.14131,40.38992],[126.14202,40.38091],[126.14548,40.37742],[126.14619,40.37258],[126.15798,40.36076],[126.15833,40.35417],[126.15591,40.35381],[126.15242,40.35035],[126.14341,40.34965],[126.13992,40.34619],[126.13508,40.34548],[126.13159,40.34202],[126.12674,40.34131],[126.12326,40.33785],[126.11841,40.33715],[126.11286,40.33162],[126.11215,40.32674],[126.10869,40.32326],[126.10798,40.31841],[126.10452,40.31492],[126.10381,40.30662],[126.10798,40.30242],[126.10833,40.3],[126.10085,40.29915],[126.09943,40.29362],[126.09544,40.28847],[126.08112,40.28277],[126.07304,40.27557],[126.06029,40.27443],[126.05482,40.26987],[126.05417,40.2625],[126.05174,40.26215],[126.04826,40.25869],[126.03508,40.25798],[126.03159,40.25452],[126.025,40.25417],[126.02258,40.25452],[126.01909,40.25798],[126.00417,40.25833],[126.00381,40.25171],[125.99826,40.24619],[125.99338,40.24548],[125.98785,40.23992],[125.98715,40.23508],[125.97952,40.22742],[125.97917,40.225],[125.97674,40.22535],[125.97326,40.22881],[125.96495,40.22952],[125.95242,40.21702],[125.94758,40.21631],[125.94375,40.21251],[125.93992,40.21631],[125.93508,40.21702],[125.93159,40.22048],[125.92083,40.22083],[125.92027,40.23138],[125.91723,40.23529],[125.91578,40.24096],[125.90612,40.24223],[125.89925,40.2464],[125.89388,40.24223],[125.88112,40.2411],[125.87304,40.2339],[125.86446,40.23277],[125.85638,40.22557],[125.84925,40.22443],[125.84375,40.2287],[125.83847,40.2246],[125.8366,40.21733],[125.82173,40.21601],[125.82027,40.21029],[125.81511,40.20411],[125.79804,40.22027],[125.7875,40.22083],[125.78684,40.22827],[125.78112,40.22973],[125.77597,40.23373],[125.77443,40.23971],[125.75473,40.26029],[125.75417,40.2625],[125.74758,40.26215],[125.74409,40.25869],[125.73162,40.25798],[125.72326,40.26631],[125.71424,40.26702],[125.70659,40.27465],[125.69341,40.27535],[125.68992,40.27881],[125.67083,40.27917],[125.67048,40.28159],[125.66702,40.28508],[125.66631,40.28992],[125.65869,40.29758],[125.65772,40.30216],[125.65062,40.31034],[125.64901,40.31597],[125.62997,40.31737],[125.6284,40.32819],[125.62284,40.32978],[125.61361,40.3378],[125.6125,40.34167],[125.60612,40.3411],[125.60208,40.33797],[125.58971,40.34527],[125.58112,40.3464],[125.57721,40.34943],[125.55508,40.35062],[125.5536,40.35638],[125.54982,40.36125],[125.54509,40.36307],[125.53971,40.3589],[125.52083,40.35833],[125.52021,40.36992],[125.51446,40.3714],[125.50638,40.3786],[125.50196,40.37973],[125.49259,40.38808],[125.49167,40.39167],[125.47917,40.39167],[125.47826,40.3952],[125.46029,40.3964],[125.43138,40.42443],[125.42279,40.42557],[125.4093,40.43373],[125.40743,40.44103],[125.38946,40.44223],[125.37721,40.44943],[125.36862,40.45057],[125.36471,40.4536],[125.35,40.45417],[125.34263,40.4496],[125.3411,40.44362],[125.33807,40.43971],[125.33693,40.43259],[125.34206,40.42597],[125.34804,40.42443],[125.36177,40.41159],[125.36307,40.40318],[125.35057,40.38971],[125.34498,40.37585],[125.33946,40.37443],[125.33554,40.3714],[125.31757,40.37149],[125.31576,40.37853],[125.29779,40.37973],[125.29092,40.3839],[125.28554,40.37973],[125.27842,40.3786],[125.27304,40.38277],[125.25417,40.39167],[125.25381,40.38505],[125.24792,40.37918],[125.24338,40.38369],[125.23091,40.38298],[125.22326,40.37535],[125.2125,40.375],[125.21215,40.36421],[125.20659,40.35869],[125.19779,40.35777],[125.19388,40.35473],[125.17696,40.3536],[125.16862,40.34943],[125.15904,40.34074],[125.15777,40.33112],[125.14943,40.31446],[125.14488,40.309],[125.13259,40.30777],[125.12721,40.31193],[125.11029,40.31307],[125.10625,40.3162],[125.1007,40.31158],[125.09929,40.30089],[125.09362,40.29943],[125.08971,40.2964],[125.08112,40.29527],[125.06054,40.2839],[125.04925,40.28277],[125.03554,40.2911],[125.02696,40.29223],[125.02083,40.29583],[125.01667,40.29583],[125.01723,40.28529],[125.02557,40.27158],[125.02443,40.26446],[125.02027,40.25908],[125.02148,40.24257],[125.02973,40.24045],[125.02852,40.22598],[125.01471,40.21307],[125.00507,40.21316],[125.00417,40.21667],[124.99362,40.2161],[124.98958,40.21297],[124.98554,40.2161],[124.97842,40.21723],[124.97304,40.21307],[124.95759,40.21193],[124.95221,40.2161],[124.94668,40.21752],[124.94498,40.22415],[124.93946,40.22557],[124.93554,40.2286],[124.92696,40.22973],[124.91888,40.23693],[124.91371,40.23807],[124.91193,40.23112],[124.90794,40.22597],[124.90196,40.22443],[124.89804,40.2214],[124.88508,40.22048],[124.86909,40.20452],[124.83091,40.20381],[124.82742,40.20035],[124.82258,40.19965],[124.81909,40.19619],[124.79758,40.19548],[124.79409,40.19202],[124.78333,40.19167],[124.76471,40.2036],[124.74258,40.20479],[124.74167,40.20833],[124.73529,40.20777],[124.73013,40.20377],[124.72828,40.19654],[124.71862,40.19527],[124.70638,40.1839],[124.70196,40.18277],[124.69654,40.17825],[124.69527,40.16862],[124.68807,40.16054],[124.68693,40.15196],[124.68294,40.1468],[124.67585,40.14498],[124.675,40.14167],[124.66424,40.14131],[124.65659,40.13369],[124.63924,40.13298],[124.63576,40.12952],[124.62696,40.1286],[124.61888,40.1214],[124.61029,40.12027],[124.60638,40.11723],[124.59362,40.1161],[124.58971,40.11307],[124.58418,40.11165],[124.58333,40.10833],[124.53924,40.10798],[124.53159,40.10035],[124.52674,40.09965],[124.52326,40.09619],[124.51841,40.09548],[124.51492,40.09202],[124.51008,40.09131],[124.50659,40.08785],[124.49779,40.08693],[124.49073,40.08277],[124.48138,40.0911],[124.46592,40.09223],[124.46054,40.08807],[124.45196,40.08693],[124.43971,40.07557],[124.43112,40.07443],[124.42304,40.06723],[124.40923,40.06601],[124.4036,40.05196],[124.39486,40.04232],[124.38112,40.0411],[124.37597,40.0371],[124.375,40.03333],[124.37083,40.03333],[124.37083,40.02917],[124.36841,40.02952],[124.36458,40.03332],[124.36076,40.02952],[124.35591,40.02881],[124.35242,40.02535],[124.32083,40.025],[124.31342,40.02939],[124.31186,40.03964]]],[[[126.0036,42.13038],[126.00716,42.13374],[126.00833,42.12917],[126.0036,42.13038]]]]}},{"type":"Feature","properties":{"name":"두만강","mainBas":4060002770,"memberIds":[4060002770,4060357970,4060357810,4060348050,4060348230,4060380840,4060380850,4060382530,4060382520],"sourceAreaKm2":33170.4},"geometry":{"type":"Polygon","coordinates":[[[128.64341,41.60381],[128.64915,41.60502],[128.65356,41.61458],[128.64648,41.62703],[128.64519,41.63547],[128.63814,41.64786],[128.63676,41.66589],[128.62286,41.66731],[128.61047,41.67436],[128.59786,41.67564],[128.5938,41.67852],[128.58536,41.67981],[128.58009,41.68355],[128.57852,41.6938],[128.55463,41.71888],[128.54968,41.72148],[128.5438,41.71731],[128.53008,41.71604],[128.52917,41.7125],[128.52696,41.71307],[128.5218,41.71706],[128.51998,41.72415],[128.51351,41.72581],[128.51193,41.72991],[128.5161,41.73529],[128.51723,41.74462],[128.50918,41.74668],[128.50777,41.75221],[128.50057,41.76029],[128.5,41.76667],[128.49758,41.76702],[128.49409,41.77048],[128.48924,41.77119],[128.48542,41.77499],[128.48159,41.77119],[128.47745,41.77048],[128.47119,41.77671],[128.47048,41.78159],[128.46702,41.78508],[128.46667,41.7875],[128.46008,41.78785],[128.45452,41.79338],[128.45417,41.8],[128.44341,41.80035],[128.43992,41.80381],[128.42984,41.80327],[128.4286,41.79092],[128.43277,41.78554],[128.43245,41.77571],[128.42279,41.77443],[128.41667,41.77083],[128.40591,41.77119],[128.40242,41.77465],[128.39583,41.775],[128.379,41.7946],[128.37182,41.79682],[128.36676,41.80702],[128.36038,41.80899],[128.35212,41.81601],[128.34379,41.82018],[128.33538,41.82149],[128.32712,41.82851],[128.3049,41.8299],[128.30351,41.85212],[128.29649,41.86038],[128.29498,41.89498],[128.28038,41.90057],[128.27826,41.89229],[128.25759,41.8911],[128.25221,41.89527],[128.18675,41.8964],[128.17917,41.89167],[128.17286,41.89231],[128.16875,41.89523],[128.16464,41.89231],[128.15801,41.89102],[128.15214,41.89519],[128.13953,41.89648],[128.1313,41.90352],[128.12286,41.90481],[128.11252,41.90958],[128.1177,41.92009],[128.13267,41.92162],[128.13298,41.96492],[128.12329,41.97464],[128.12083,41.975],[128.12172,41.97846],[128.13138,41.97973],[128.13529,41.98277],[128.14167,41.98333],[128.14252,41.98665],[128.14804,41.98807],[128.15612,41.99527],[128.18971,41.99527],[128.19509,41.9911],[128.24388,41.99223],[128.24793,41.99537],[128.2574,41.98693],[128.26579,41.98823],[128.26755,41.99512],[128.27721,41.9964],[128.28112,41.99943],[128.30638,42.00057],[128.31029,42.0036],[128.31888,42.00473],[128.33554,42.01307],[128.34779,42.02443],[128.37721,42.02557],[128.38529,42.03277],[128.39362,42.03693],[128.43554,42.03807],[128.44779,42.04527],[128.45417,42.04583],[128.45345,42.05318],[128.44653,42.05516],[128.44522,42.07299],[128.44228,42.07701],[128.44105,42.08797],[128.44522,42.09367],[128.44645,42.11324],[128.43696,42.12417],[128.42701,42.12562],[128.41319,42.13417],[128.41181,42.15752],[128.40201,42.15895],[128.38843,42.16695],[128.38688,42.17547],[128.39105,42.18117],[128.39167,42.20833],[128.42326,42.20869],[128.43508,42.22048],[128.47725,42.2203],[128.48125,42.21706],[128.48525,42.2203],[128.50225,42.22136],[128.50739,42.22553],[128.51173,42.22409],[128.5125,42.22083],[128.52716,42.22145],[128.55201,42.24522],[128.56217,42.24669],[128.56605,42.25201],[128.5674,42.26586],[128.57716,42.26728],[128.59507,42.27597],[128.59666,42.2869],[128.61034,42.29938],[128.61883,42.30062],[128.62453,42.30478],[128.63549,42.29938],[128.64583,42.29167],[128.65221,42.29223],[128.65612,42.29527],[128.66578,42.29654],[128.66757,42.30351],[128.6909,42.30494],[128.69167,42.3125],[128.6875,42.3125],[128.68245,42.32429],[128.67279,42.32557],[128.66446,42.32973],[128.65482,42.33847],[128.65417,42.34583],[128.66442,42.35364],[128.67393,42.3548],[128.68697,42.36859],[128.68803,42.37308],[128.6922,42.37823],[128.69114,42.38558],[128.67447,42.40303],[128.6797,42.41156],[128.67825,42.4159],[128.66442,42.42136],[128.65641,42.42864],[128.65095,42.42992],[128.6422,42.43942],[128.64114,42.44808],[128.63697,42.45323],[128.63841,42.45757],[128.64167,42.45833],[128.64202,42.46495],[128.65174,42.47465],[128.65833,42.475],[128.65833,42.48333],[128.66909,42.48369],[128.67258,42.48715],[128.67917,42.4875],[128.67973,42.49804],[128.69121,42.51041],[128.68807,42.51446],[128.68693,42.52594],[128.69527,42.53529],[128.6964,42.5426],[128.68807,42.55196],[128.6839,42.56029],[128.68277,42.5801],[128.69225,42.59075],[128.69804,42.59223],[128.70196,42.59527],[128.71577,42.59649],[128.71667,42.6],[128.71316,42.6009],[128.71307,42.61054],[128.72598,42.62435],[128.73971,42.62557],[128.74362,42.6286],[128.74915,42.63002],[128.75473,42.64388],[128.76193,42.65196],[128.76307,42.65638],[128.76706,42.66153],[128.77304,42.66307],[128.77846,42.66759],[128.77973,42.67721],[128.79167,42.69583],[128.80242,42.69619],[128.80591,42.69965],[128.81492,42.70035],[128.82258,42.70798],[128.83159,42.70869],[128.83508,42.71215],[128.8375,42.7125],[128.83681,42.72419],[128.82701,42.72562],[128.81743,42.73014],[128.81169,42.75348],[128.78951,42.75478],[128.78117,42.75895],[128.77247,42.7665],[128.77022,42.7713],[128.77861,42.78542],[128.77438,42.79214],[128.77855,42.79784],[128.77952,42.80662],[128.78508,42.81215],[128.79826,42.81285],[128.81424,42.82881],[128.81667,42.82917],[128.81631,42.83159],[128.81251,42.83542],[128.81631,42.83924],[128.81702,42.84755],[128.81285,42.85174],[128.8125,42.85417],[128.8062,42.85481],[128.80005,42.85963],[128.80356,42.86458],[128.78811,42.89375],[128.79196,42.89918],[128.80756,42.90077],[128.80898,42.91463],[128.81189,42.91875],[128.80833,42.925],[128.79784,42.92562],[128.78549,42.93272],[128.77284,42.93395],[128.75633,42.94938],[128.74652,42.95081],[128.74583,42.9625],[128.73508,42.96285],[128.73159,42.96631],[128.71841,42.96702],[128.71492,42.97048],[128.68508,42.97119],[128.67326,42.98298],[128.66912,42.98369],[128.66492,42.97952],[128.66078,42.97881],[128.65242,42.98715],[128.63508,42.98785],[128.63159,42.99131],[128.62745,42.99202],[128.62326,42.98785],[128.62083,42.9875],[128.62048,42.99826],[128.61668,43.00208],[128.62082,43.00625],[128.61285,43.01424],[128.61215,43.02326],[128.60035,43.03508],[128.59965,43.03992],[128.59168,43.04792],[128.59548,43.05174],[128.59643,43.08242],[128.61986,43.08827],[128.6218,43.09506],[128.63263,43.09664],[128.63404,43.11584],[128.63951,43.12022],[128.64799,43.12145],[128.65201,43.12438],[128.66049,43.12562],[128.66451,43.12855],[128.67083,43.12917],[128.67083,43.1375],[128.65196,43.13807],[128.63971,43.14527],[128.63005,43.14654],[128.6286,43.15221],[128.6214,43.16029],[128.62083,43.16667],[128.62818,43.16738],[128.62978,43.17299],[128.63688,43.18117],[128.63827,43.1907],[128.64645,43.19303],[128.64508,43.20319],[128.63843,43.20509],[128.63688,43.21049],[128.63272,43.2162],[128.63395,43.22716],[128.64522,43.24784],[128.64663,43.25754],[128.65773,43.25916],[128.67022,43.27284],[128.67163,43.28254],[128.68133,43.28395],[128.70417,43.29583],[128.71909,43.29548],[128.72258,43.29202],[128.72746,43.29131],[128.73715,43.28159],[128.7375,43.275],[128.74388,43.27557],[128.74779,43.2786],[128.75351,43.28007],[128.75482,43.29486],[128.76862,43.30777],[128.79804,43.3214],[128.80342,43.32557],[128.82304,43.32443],[128.82842,43.32027],[128.83554,43.3214],[128.83946,43.32443],[128.84512,43.32589],[128.84654,43.33661],[128.85221,43.33807],[128.85625,43.3412],[128.86029,43.33807],[128.87436,43.33841],[128.87557,43.35638],[128.88013,43.36184],[128.89388,43.36307],[128.90325,43.37142],[128.90417,43.375],[128.90659,43.37535],[128.91008,43.37881],[128.92742,43.37952],[128.93091,43.38298],[128.9375,43.38333],[128.93786,43.38579],[128.94341,43.39131],[128.95242,43.39202],[128.95591,43.39548],[128.97742,43.39619],[128.98162,43.40035],[128.98992,43.39965],[128.99758,43.39202],[129.00659,43.39131],[129.01079,43.38715],[129.01492,43.38785],[129.01912,43.39202],[129.02326,43.39131],[129.03091,43.38369],[129.03579,43.38298],[129.04548,43.37326],[129.04583,43.37083],[129.05659,43.37119],[129.06424,43.37881],[129.07083,43.37917],[129.07172,43.38262],[129.08138,43.3839],[129.08529,43.38693],[129.10242,43.38715],[129.10591,43.38369],[129.11076,43.38298],[129.12258,43.37119],[129.12742,43.37048],[129.13508,43.36285],[129.14409,43.36215],[129.14758,43.35869],[129.15634,43.35773],[129.16043,43.3547],[129.17283,43.36606],[129.17929,43.36786],[129.1756,43.37283],[129.1744,43.3906],[129.18387,43.39227],[129.18958,43.38804],[129.19801,43.39227],[129.20728,43.40037],[129.20748,43.40748],[129.20196,43.4089],[129.19804,43.41193],[129.17696,43.41307],[129.17304,43.4161],[129.16446,43.41723],[129.15897,43.42181],[129.15777,43.43971],[129.15473,43.44362],[129.1536,43.45221],[129.15057,43.45612],[129.14943,43.46741],[129.15473,43.47575],[129.15057,43.48112],[129.14911,43.48679],[129.13946,43.48807],[129.12721,43.49943],[129.12168,43.50085],[129.11998,43.50748],[129.11446,43.5089],[129.11054,43.51193],[129.10196,43.51307],[129.0968,43.51706],[129.09527,43.52304],[129.08807,43.53112],[129.0875,43.54583],[129.08786,43.54829],[129.09341,43.55381],[129.11888,43.55473],[129.12279,43.55777],[129.13245,43.55904],[129.13424,43.56603],[129.15221,43.56723],[129.15759,43.5714],[129.16592,43.5661],[129.17304,43.56723],[129.17696,43.57027],[129.18554,43.5714],[129.18946,43.57443],[129.2,43.575],[129.20428,43.58217],[129.21451,43.58688],[129.22435,43.58831],[129.22562,43.6338],[129.22022,43.64383],[129.20895,43.65617],[129.20772,43.6713],[129.21188,43.67701],[129.2125,43.69167],[129.20777,43.69288],[129.22083,43.7],[129.22119,43.70659],[129.22499,43.71042],[129.21285,43.72258],[129.21215,43.74409],[129.20869,43.74758],[129.20833,43.75],[129.21159,43.75077],[129.21303,43.75511],[129.20886,43.76025],[129.20869,43.78578],[129.21841,43.79548],[129.22326,43.79619],[129.23924,43.81215],[129.24409,43.81285],[129.24758,43.81631],[129.25833,43.81667],[129.25923,43.81316],[129.2741,43.81184],[129.28038,43.79527],[129.29902,43.79646],[129.3036,43.80196],[129.30538,43.8089],[129.31888,43.80777],[129.33946,43.7964],[129.36054,43.7964],[129.36862,43.8036],[129.37721,43.80473],[129.38529,43.81193],[129.39934,43.81757],[129.40057,43.83138],[129.40931,43.84101],[129.42304,43.84223],[129.42696,43.84527],[129.43971,43.8464],[129.45612,43.86193],[129.46165,43.86335],[129.4634,43.87017],[129.47827,43.87149],[129.47917,43.875],[129.4866,43.87566],[129.4875,43.87917],[129.50221,43.8786],[129.51568,43.8661],[129.53554,43.86723],[129.54092,43.8714],[129.55221,43.87027],[129.55759,43.8661],[129.56471,43.86723],[129.56862,43.87027],[129.58554,43.8714],[129.59925,43.87973],[129.61471,43.8786],[129.61862,43.87557],[129.64076,43.87438],[129.64167,43.87083],[129.64915,43.86998],[129.65,43.86667],[129.65417,43.86667],[129.65452,43.86912],[129.66008,43.87465],[129.68159,43.87535],[129.68508,43.87881],[129.68992,43.87952],[129.69412,43.88369],[129.69826,43.88298],[129.70174,43.87952],[129.72742,43.87881],[129.73091,43.87535],[129.73333,43.875],[129.73405,43.89511],[129.75908,43.8961],[129.76667,43.89167],[129.76909,43.89202],[129.77465,43.89755],[129.775,43.91667],[129.77465,43.91909],[129.77119,43.92258],[129.77083,43.93333],[129.78255,43.93402],[129.78385,43.94449],[129.77438,43.9472],[129.77573,43.9617],[129.78549,43.96312],[129.78951,43.96605],[129.80318,43.96738],[129.80509,43.97407],[129.81451,43.97855],[129.82083,43.97917],[129.82168,43.98248],[129.82877,43.9843],[129.83277,43.98946],[129.83422,43.99512],[129.84388,43.9964],[129.84779,43.99943],[129.85638,44.00057],[129.86136,44.00443],[129.86371,43.99527],[129.87304,43.9964],[129.88529,44.00777],[129.89915,44.01335],[129.90091,44.02021],[129.9125,44.02083],[129.91347,44.01706],[129.9197,44.01224],[129.92175,44.02025],[129.93124,44.0287],[129.94362,44.0214],[129.96495,44.02048],[129.99548,43.98992],[129.99619,43.97255],[130.00591,43.96285],[130.00833,43.9625],[130.00918,43.95918],[130.0125,43.95833],[130.01285,43.95174],[130.02082,43.94375],[130.01702,43.93992],[130.01667,43.9125],[130.01316,43.9116],[130.01193,43.89779],[130.0089,43.89388],[130.00833,43.8875],[130.0089,43.87279],[130.0161,43.86471],[130.02168,43.85085],[130.025,43.85],[130.02443,43.83529],[130.0214,43.83138],[130.01998,43.82585],[130.01667,43.825],[130.01631,43.82258],[130.01215,43.81838],[130.01285,43.80174],[130.02048,43.79409],[130.02119,43.77674],[130.02465,43.77326],[130.025,43.77083],[130.03159,43.77119],[130.03579,43.77535],[130.04826,43.77465],[130.05174,43.77119],[130.06667,43.77083],[130.06702,43.74758],[130.07881,43.73576],[130.07952,43.72674],[130.08715,43.71909],[130.0875,43.7125],[130.09375,43.7088],[130.09792,43.71203],[130.10196,43.7089],[130.11471,43.70777],[130.11862,43.70473],[130.13236,43.70351],[130.1411,43.69388],[130.14527,43.68554],[130.1464,43.67279],[130.1536,43.66471],[130.15473,43.65612],[130.16307,43.64677],[130.16177,43.63838],[130.15502,43.63665],[130.15473,43.62696],[130.16193,43.61888],[130.16335,43.61335],[130.16667,43.6125],[130.1589,43.60221],[130.15777,43.59362],[130.15057,43.58554],[130.14943,43.57279],[130.14527,43.56741],[130.1464,43.56446],[130.1589,43.55099],[130.15777,43.53946],[130.15057,43.53138],[130.14911,43.52571],[130.13843,43.5243],[130.1286,43.51346],[130.13014,43.50915],[130.1586,43.49886],[130.15,43.48333],[130.14668,43.48248],[130.14583,43.47917],[130.15638,43.4786],[130.16862,43.4714],[130.17828,43.47012],[130.18013,43.4629],[130.18675,43.45777],[130.19376,43.46204],[130.20417,43.45417],[130.20483,43.44673],[130.20833,43.44583],[130.2089,43.43946],[130.21193,43.43554],[130.21347,43.42956],[130.21862,43.42557],[130.22415,43.42415],[130.225,43.41667],[130.23554,43.4161],[130.23959,43.41296],[130.24906,43.4214],[130.25394,43.41964],[130.25777,43.41471],[130.25955,43.40777],[130.26888,43.4089],[130.27425,43.41307],[130.28243,43.41177],[130.29943,43.39388],[130.30057,43.38529],[130.30473,43.37991],[130.29943,43.37158],[130.30074,43.3634],[130.31029,43.35473],[130.31995,43.35346],[130.325,43.34167],[130.33554,43.3411],[130.33946,43.33807],[130.34498,43.33665],[130.34674,43.32979],[130.36888,43.3286],[130.37696,43.3214],[130.38554,43.32027],[130.39167,43.31667],[130.39202,43.31424],[130.39548,43.31076],[130.39619,43.30591],[130.41215,43.28992],[130.4125,43.26667],[130.42003,43.26593],[130.42438,43.26049],[130.42574,43.24663],[130.43117,43.24228],[130.44087,43.24087],[130.44248,43.22985],[130.46466,43.22855],[130.47083,43.225],[130.48333,43.225],[130.48455,43.22924],[130.48951,43.22562],[130.50317,43.22438],[130.50478,43.23549],[130.50772,43.23951],[130.50833,43.24583],[130.52843,43.25913],[130.52978,43.27299],[130.53345,43.27801],[130.55741,43.28843],[130.56312,43.30216],[130.57113,43.31139],[130.58117,43.31605],[130.591,43.31748],[130.59235,43.34502],[130.60216,43.34645],[130.61157,43.35093],[130.61343,43.35741],[130.63117,43.36605],[130.65216,43.36728],[130.65617,43.37022],[130.6657,43.3716],[130.66667,43.375],[130.67425,43.37027],[130.68529,43.3786],[130.69193,43.3803],[130.68693,43.38675],[130.68817,43.39905],[130.69375,43.4037],[130.69925,43.39943],[130.70382,43.40118],[130.71193,43.41029],[130.7134,43.41599],[130.73232,43.4339],[130.74362,43.42557],[130.74804,43.42443],[130.75624,43.41713],[130.76175,43.4214],[130.76862,43.41723],[130.78554,43.41723],[130.78946,43.42027],[130.79804,43.4214],[130.8021,43.42454],[130.82813,43.39943],[130.83251,43.40096],[130.83423,43.40767],[130.8491,43.40899],[130.85089,43.41596],[130.86054,43.41723],[130.86446,43.42027],[130.86998,43.42168],[130.87083,43.425],[130.87742,43.42535],[130.88162,43.42952],[130.89826,43.42881],[130.90174,43.42535],[130.90748,43.42585],[130.90798,43.43159],[130.90418,43.43542],[130.90798,43.43924],[130.90869,43.44409],[130.91215,43.44758],[130.91286,43.45245],[130.93091,43.47048],[130.93576,43.47119],[130.94341,43.47881],[130.94826,43.47952],[130.95174,43.48298],[130.96076,43.48369],[130.96424,43.48715],[130.96909,43.48785],[130.97258,43.49131],[130.98159,43.49202],[130.99341,43.50381],[131.02326,43.50381],[131.02674,43.50035],[131.03162,43.49964],[131.04131,43.48992],[131.04167,43.4875],[131.04409,43.48785],[131.04829,43.49202],[131.05242,43.49131],[131.05591,43.48785],[131.05833,43.4875],[131.0661,43.47721],[131.06752,43.47168],[131.07304,43.47027],[131.08112,43.46307],[131.09078,43.46179],[131.09263,43.45456],[131.09779,43.45057],[131.11054,43.44527],[131.12279,43.4339],[131.13138,43.43277],[131.1375,43.42917],[131.15659,43.42952],[131.16424,43.43715],[131.16909,43.43785],[131.17258,43.44131],[131.19583,43.44167],[131.19657,43.45348],[131.225,43.45417],[131.22535,43.46076],[131.22881,43.46424],[131.22952,43.46912],[131.23508,43.47465],[131.25242,43.47465],[131.26078,43.46631],[131.27326,43.46702],[131.28125,43.47499],[131.28508,43.47119],[131.28996,43.47048],[131.29548,43.46492],[131.29583,43.45833],[131.29238,43.45745],[131.2911,43.44779],[131.28807,43.44388],[131.28693,43.42842],[131.2911,43.42304],[131.29252,43.41752],[131.29804,43.4161],[131.30351,43.41154],[131.30473,43.39779],[131.30833,43.39167],[131.29668,43.38665],[131.29493,43.37983],[131.28112,43.3786],[131.27175,43.37025],[131.26998,43.36335],[131.26311,43.36159],[131.26193,43.33529],[131.2589,43.33138],[131.25777,43.30342],[131.26203,43.29792],[131.2589,43.29388],[131.25748,43.28835],[131.25062,43.28659],[131.24943,43.26446],[131.23235,43.24649],[131.21862,43.24527],[131.21471,43.24223],[131.20612,43.2411],[131.2007,43.23658],[131.19943,43.22696],[131.1964,43.22304],[131.19527,43.21029],[131.19214,43.20625],[131.19623,43.20097],[131.20221,43.19943],[131.21183,43.19071],[131.21307,43.17842],[131.20377,43.16347],[131.2,43.1625],[131.20035,43.16008],[131.20798,43.15242],[131.20833,43.14583],[131.20502,43.14498],[131.20417,43.14167],[131.20066,43.14077],[131.19934,43.1259],[131.19362,43.12443],[131.18554,43.11723],[131.17721,43.11307],[131.16667,43.1125],[131.16631,43.11008],[131.15835,43.10208],[131.16215,43.09826],[131.1625,43.07083],[131.15833,43.07083],[131.15743,43.07436],[131.14092,43.07557],[131.13554,43.0714],[131.12279,43.07027],[131.11888,43.06723],[131.1125,43.06667],[131.11307,43.05612],[131.11662,43.05154],[131.10221,43.03807],[131.09255,43.03679],[131.0911,43.03112],[131.08693,43.02575],[131.08868,43.02118],[131.09779,43.01307],[131.10377,43.01153],[131.1089,43.00491],[131.10777,42.99779],[131.1036,42.99241],[131.10481,42.97599],[131.11446,42.96723],[131.11888,42.9661],[131.12425,42.96193],[131.13138,42.96307],[131.13675,42.96723],[131.14176,42.96531],[131.1338,42.95208],[131.13807,42.94658],[131.13676,42.93839],[131.13138,42.9339],[131.12696,42.93277],[131.11054,42.91723],[131.10833,42.91667],[131.08008,42.91726],[131.07917,42.92083],[131.07674,42.92119],[131.07326,42.92465],[131.06495,42.92535],[131.05625,42.91668],[131.05242,42.92048],[131.04341,42.92119],[131.03992,42.92465],[131.03508,42.92535],[131.03159,42.92881],[131.02674,42.92881],[131.02119,42.92329],[131.02048,42.91841],[131.01251,42.91042],[131.01631,42.90659],[131.01702,42.89341],[131.02048,42.88992],[131.02119,42.88508],[131.03715,42.86909],[131.0375,42.8625],[130.98924,42.86215],[130.98576,42.85869],[130.97328,42.85798],[130.96458,42.86665],[130.96042,42.86251],[130.94619,42.87671],[130.94583,42.87917],[130.94341,42.87881],[130.93992,42.87535],[130.92258,42.87465],[130.91492,42.86702],[130.90591,42.86631],[130.89409,42.85452],[130.88333,42.85417],[130.87696,42.85473],[130.86888,42.86193],[130.85091,42.86314],[130.84943,42.86888],[130.83646,42.88274],[130.80174,42.88298],[130.79826,42.87952],[130.78418,42.87832],[130.78277,42.87279],[130.77973,42.86888],[130.7786,42.85612],[130.77557,42.85221],[130.77443,42.84362],[130.76988,42.83817],[130.7574,42.83693],[130.74804,42.84527],[130.7375,42.84583],[130.73665,42.84252],[130.73002,42.84082],[130.72832,42.83418],[130.72168,42.83248],[130.72083,42.82917],[130.7125,42.82917],[130.71197,42.83558],[130.70886,42.83942],[130.70757,42.84492],[130.70323,42.84636],[130.69489,42.84114],[130.68975,42.8453],[130.65833,42.84583],[130.65745,42.84238],[130.64779,42.8411],[130.63971,42.8339],[130.62696,42.83277],[130.62304,42.82973],[130.61446,42.8286],[130.60638,42.8214],[130.59758,42.82048],[130.59409,42.81702],[130.58924,42.81631],[130.58125,42.80835],[130.57742,42.81215],[130.57258,42.81285],[130.56909,42.81631],[130.56079,42.81702],[130.55659,42.81285],[130.55417,42.8125],[130.55324,42.80926],[130.54676,42.80741],[130.54491,42.80093],[130.53761,42.79884],[130.53272,42.78951],[130.52562,42.78133],[130.524,42.77022],[130.51867,42.77145],[130.50907,42.77978],[130.49784,42.77855],[130.49383,42.77562],[130.47284,42.77438],[130.46883,42.77145],[130.45497,42.7701],[130.45337,42.75913],[130.44367,42.75772],[130.43534,42.75355],[130.42083,42.74167],[130.42011,42.72994],[130.4052,42.72842],[130.40452,42.72258],[130.40798,42.71909],[130.40869,42.71421],[130.41424,42.70869],[130.43159,42.70798],[130.43508,42.70452],[130.44412,42.70381],[130.44965,42.69826],[130.45036,42.69338],[130.45591,42.68785],[130.46471,42.68807],[130.46862,42.6911],[130.49388,42.69223],[130.49779,42.69527],[130.51054,42.6964],[130.51592,42.70057],[130.53554,42.69943],[130.54362,42.69223],[130.55638,42.6911],[130.56029,42.68807],[130.56627,42.68653],[130.57027,42.68138],[130.57173,42.67566],[130.58653,42.67435],[130.59527,42.66471],[130.59619,42.65174],[130.59965,42.64826],[130.60036,42.63921],[130.60591,42.63369],[130.61079,42.63298],[130.61631,42.62742],[130.61702,42.61421],[130.62258,42.60869],[130.62917,42.60833],[130.6286,42.59362],[130.6214,42.58138],[130.61987,42.5754],[130.61471,42.5714],[130.60918,42.56998],[130.60777,42.56446],[130.60473,42.56054],[130.60452,42.55174],[130.60798,42.54826],[130.60833,42.54583],[130.59644,42.54075],[130.59527,42.51175],[130.59943,42.50638],[130.60502,42.49252],[130.61054,42.4911],[130.61862,42.4839],[130.62415,42.48248],[130.625,42.47917],[130.64409,42.47952],[130.64758,42.48298],[130.65,42.48333],[130.66179,42.47828],[130.66307,42.46862],[130.6661,42.46471],[130.66752,42.45918],[130.67917,42.45417],[130.67917,42.44583],[130.68277,42.43958],[130.67438,42.42547],[130.67576,42.41329],[130.68951,42.40062],[130.69784,42.39645],[130.70763,42.39503],[130.70903,42.37599],[130.7125,42.375],[130.71165,42.37168],[130.70456,42.36987],[130.69943,42.36325],[130.70057,42.35612],[130.70473,42.35075],[130.70311,42.34652],[130.69362,42.34527],[130.67721,42.32973],[130.67123,42.3282],[130.66723,42.32304],[130.66667,42.3125],[130.66029,42.31193],[130.65638,42.3089],[130.64705,42.30777],[130.64527,42.31471],[130.64223,42.31862],[130.6411,42.32721],[130.62964,42.34792],[130.6339,42.35491],[130.62973,42.36029],[130.6286,42.36545],[130.63554,42.36723],[130.64103,42.37181],[130.64223,42.38835],[130.63654,42.39518],[130.62279,42.3964],[130.61459,42.4037],[130.61054,42.40057],[130.575,42.4],[130.57464,42.39755],[130.55242,42.37535],[130.55,42.375],[130.54108,42.38658],[130.53529,42.38807],[130.53138,42.3911],[130.52279,42.39223],[130.51875,42.39536],[130.51458,42.39214],[130.50221,42.39943],[130.48424,42.40064],[130.48333,42.40417],[130.47674,42.40452],[130.47326,42.40798],[130.46495,42.40869],[130.46076,42.40452],[130.45591,42.40381],[130.45242,42.40035],[130.43924,42.39965],[130.43576,42.39619],[130.43333,42.39583],[130.43298,42.40242],[130.41079,42.42464],[130.40174,42.42465],[130.39826,42.42119],[130.39341,42.42048],[130.38992,42.41702],[130.37674,42.41631],[130.37292,42.41251],[130.36909,42.41631],[130.35174,42.41702],[130.34826,42.42048],[130.33995,42.42119],[130.33576,42.41702],[130.3125,42.41667],[130.30918,42.41582],[130.30833,42.4125],[130.30591,42.41215],[130.30242,42.40869],[130.29167,42.40833],[130.29202,42.39758],[130.29619,42.39338],[130.29548,42.38508],[130.29202,42.38159],[130.29131,42.37258],[130.28785,42.36909],[130.28715,42.34758],[130.27952,42.33992],[130.27881,42.33508],[130.26702,42.32326],[130.26667,42.30417],[130.26058,42.30053],[130.25192,42.29947],[130.24683,42.29535],[130.24244,42.29672],[130.24114,42.30225],[130.23638,42.30777],[130.20739,42.30886],[130.2,42.30417],[130.19929,42.28826],[130.18121,42.28684],[130.175,42.28333],[130.17414,42.28634],[130.17036,42.28812],[130.16466,42.28395],[130.1537,42.28272],[130.14536,42.28812],[130.13871,42.28326],[130.13688,42.28966],[130.133,42.29497],[130.12163,42.29663],[130.12022,42.30633],[130.11655,42.31134],[130.1125,42.3125],[130.11029,42.31193],[130.09388,42.2964],[130.08002,42.29082],[130.07825,42.28393],[130.05833,42.28333],[130.03554,42.29527],[130.02009,42.2964],[130.01471,42.29223],[130.00612,42.2911],[129.99804,42.2839],[129.98839,42.28262],[129.9875,42.27917],[129.97917,42.275],[129.97952,42.27258],[129.98333,42.26873],[129.97742,42.26285],[129.97254,42.26214],[129.96668,42.25625],[129.97082,42.25208],[129.96702,42.24826],[129.96631,42.24341],[129.96285,42.23992],[129.96215,42.23508],[129.95798,42.23088],[129.95869,42.21841],[129.96631,42.21076],[129.96667,42.20833],[129.95174,42.20798],[129.94826,42.20452],[129.94412,42.20381],[129.93992,42.20798],[129.93579,42.20869],[129.93159,42.20452],[129.92258,42.20381],[129.91492,42.19619],[129.91079,42.19548],[129.90659,42.19965],[129.90192,42.19947],[129.88826,42.18654],[129.88673,42.18008],[129.88239,42.17864],[129.87707,42.18295],[129.86667,42.175],[129.86335,42.17585],[129.86193,42.18138],[129.85741,42.1868],[129.84779,42.18807],[129.84388,42.1911],[129.83333,42.19167],[129.83248,42.19498],[129.82917,42.19583],[129.82809,42.19208],[129.80633,42.17145],[129.80011,42.16967],[129.79645,42.16466],[129.79503,42.1549],[129.77997,42.15343],[129.77562,42.14799],[129.77389,42.14196],[129.76466,42.13395],[129.74167,42.13333],[129.74131,42.14826],[129.73785,42.15174],[129.7375,42.1625],[129.74097,42.16339],[129.74223,42.17379],[129.72696,42.17973],[129.72149,42.18429],[129.72027,42.19804],[129.71157,42.20763],[129.70089,42.20904],[129.69498,42.22415],[129.68946,42.22557],[129.68554,42.2286],[129.67279,42.22973],[129.66446,42.2339],[129.65638,42.2411],[129.64779,42.2411],[129.64388,42.23807],[129.60092,42.2369],[129.59911,42.22988],[129.58946,42.2286],[129.57721,42.21723],[129.57425,42.2161],[129.56888,42.22027],[129.55759,42.2214],[129.55221,42.21723],[129.54362,42.2161],[129.53425,42.20775],[129.53277,42.20196],[129.52557,42.19388],[129.52415,42.18835],[129.51862,42.18693],[129.51471,42.1839],[129.50833,42.18333],[129.50767,42.1759],[129.49258,42.17438],[129.49167,42.17083],[129.49938,42.16049],[129.50065,42.12184],[129.50633,42.12022],[129.51203,42.11605],[129.52036,42.12145],[129.53669,42.12012],[129.53812,42.11034],[129.54522,42.09799],[129.54645,42.08951],[129.55111,42.07946],[129.56034,42.07145],[129.56667,42.07083],[129.56702,42.06841],[129.57048,42.06492],[129.57119,42.06008],[129.57952,42.05172],[129.57881,42.04758],[129.56702,42.03576],[129.56631,42.02674],[129.56285,42.02326],[129.56214,42.01838],[129.55659,42.01285],[129.55174,42.01215],[129.54826,42.00869],[129.54341,42.00798],[129.53576,42.00035],[129.53333,42.0],[129.53298,41.99758],[129.52119,41.98576],[129.52048,41.98091],[129.51702,41.97742],[129.51667,41.975],[129.49758,41.97535],[129.49409,41.97881],[129.48578,41.97952],[129.47742,41.97119],[129.46841,41.97048],[129.46286,41.96496],[129.46215,41.96008],[129.45869,41.95659],[129.45798,41.95174],[129.45035,41.94409],[129.44965,41.93508],[129.44619,41.93159],[129.44548,41.92258],[129.44202,41.91909],[129.44131,41.91495],[129.44548,41.91076],[129.44619,41.90245],[129.43785,41.89409],[129.43715,41.88924],[129.43369,41.88576],[129.43333,41.875],[129.42701,41.87438],[129.41759,41.86991],[129.41605,41.86451],[129.40895,41.85633],[129.40765,41.83414],[129.39681,41.83257],[129.39583,41.82917],[129.39341,41.82952],[129.38992,41.83298],[129.36008,41.83369],[129.35036,41.84338],[129.35,41.84583],[129.34362,41.84527],[129.33971,41.84223],[129.31758,41.84104],[129.3161,41.83529],[129.3121,41.83013],[129.30833,41.82917],[129.31203,41.82292],[129.3089,41.81888],[129.30762,41.80922],[129.30196,41.80777],[129.28971,41.7964],[129.27083,41.7875],[129.27048,41.78091],[129.25869,41.76909],[129.25798,41.75591],[129.25381,41.75171],[129.25452,41.74341],[129.25798,41.73992],[129.25767,41.7134],[129.25196,41.71193],[129.24804,41.7089],[129.23946,41.70777],[129.23333,41.70417],[129.23248,41.70085],[129.22917,41.7],[129.22443,41.68946],[129.22027,41.68408],[129.2214,41.67696],[129.22557,41.67158],[129.22436,41.65507],[129.21752,41.65332],[129.2161,41.64779],[129.21307,41.64388],[129.2125,41.62917],[129.19583,41.62917],[129.19502,41.63233],[129.19092,41.6339],[129.18554,41.62973],[129.17696,41.6286],[129.16054,41.61307],[129.14779,41.61193],[129.13554,41.60057],[129.13002,41.59915],[129.12415,41.58418],[129.11752,41.58248],[129.1161,41.57696],[129.11371,41.57443],[129.11159,41.58271],[129.09092,41.5839],[129.08554,41.57973],[129.08112,41.5786],[129.07304,41.5714],[129.05923,41.57017],[129.05798,41.54341],[129.05452,41.53992],[129.05381,41.53504],[129.04826,41.52952],[129.04341,41.52881],[129.03992,41.52535],[129.0375,41.525],[129.03665,41.52168],[129.03091,41.52048],[129.02742,41.51702],[129.025,41.51667],[129.02465,41.51424],[129.02119,41.51076],[129.02027,41.50612],[128.99223,41.47721],[128.99082,41.47168],[128.98401,41.46994],[128.96723,41.45221],[128.96582,41.44668],[128.9625,41.44583],[128.96285,41.44341],[128.96631,41.43992],[128.96667,41.4125],[128.97024,41.41158],[128.9714,41.36862],[128.9786,41.36054],[128.98418,41.34668],[128.98971,41.34527],[129.00196,41.3339],[129.01667,41.33333],[129.0161,41.32279],[129.00777,41.31344],[129.00901,41.3009],[129.01627,41.29903],[129.02027,41.29388],[129.0218,41.2879],[129.02696,41.2839],[129.03294,41.28237],[129.0375,41.275],[129.03714,41.26421],[129.03159,41.25869],[129.02671,41.25798],[129.02119,41.25242],[129.02048,41.24341],[129.01702,41.23992],[129.01631,41.23091],[129.01285,41.22742],[129.01215,41.22258],[129.00035,41.21076],[129.0,41.20833],[128.99668,41.20918],[128.99583,41.2125],[128.98971,41.2161],[128.97279,41.21723],[128.96888,41.22027],[128.94779,41.2214],[128.93946,41.22557],[128.93138,41.23277],[128.92474,41.23447],[128.92973,41.24241],[128.9246,41.24903],[128.91862,41.25057],[128.91054,41.25777],[128.90196,41.2589],[128.88971,41.2661],[128.87425,41.26723],[128.86874,41.26296],[128.85638,41.27443],[128.83946,41.27557],[128.83554,41.2786],[128.80092,41.27976],[128.79965,41.28576],[128.78996,41.29548],[128.78508,41.29619],[128.77742,41.30381],[128.76446,41.3036],[128.76054,41.30057],[128.75502,41.29915],[128.75332,41.29252],[128.75,41.29167],[128.74388,41.29527],[128.72696,41.2964],[128.71759,41.30475],[128.71578,41.31179],[128.70612,41.31307],[128.70097,41.31706],[128.69943,41.32304],[128.68685,41.3366],[128.68112,41.33807],[128.67721,41.3411],[128.66862,41.34223],[128.66324,41.34673],[128.66193,41.35491],[128.6661,41.36029],[128.66752,41.36582],[128.67436,41.36757],[128.67557,41.38433],[128.66151,41.39936],[128.64509,41.40057],[128.63864,41.39557],[128.63298,41.41076],[128.62119,41.42258],[128.62083,41.425],[128.62161,41.43259],[128.64092,41.43407],[128.64648,41.44117],[128.64519,41.44797],[128.64227,41.45208],[128.6468,41.46154],[128.65,41.4625],[128.64965,41.47326],[128.64619,41.47674],[128.64583,41.47917],[128.64527,41.51888],[128.6411,41.52721],[128.6338,41.53541],[128.6379,41.5407],[128.64517,41.54257],[128.64548,41.57742],[128.64202,41.58091],[128.64167,41.5875],[128.63835,41.58835],[128.6375,41.59167],[128.63785,41.59829],[128.64341,41.60381]]]}},{"type":"Feature","properties":{"name":"대동강","mainBas":4060005410,"memberIds":[4060005410],"sourceAreaKm2":19404.8},"geometry":{"type":"Polygon","coordinates":[[[126.11184,39.69257],[126.11215,39.71492],[126.10452,39.72258],[126.10381,39.72672],[126.11215,39.73508],[126.11285,39.73992],[126.11631,39.74341],[126.11667,39.75],[126.12404,39.75066],[126.1339,39.76592],[126.12828,39.77846],[126.11862,39.77973],[126.11029,39.7839],[126.10221,39.7911],[126.09527,39.79288],[126.1,39.79583],[126.1,39.8],[126.11492,39.80035],[126.12674,39.81215],[126.12917,39.8125],[126.12952,39.82326],[126.13298,39.82674],[126.13369,39.83159],[126.13715,39.83508],[126.1375,39.8375],[126.15633,39.83688],[126.16593,39.82855],[126.19914,39.82983],[126.20355,39.83534],[126.20496,39.84504],[126.21466,39.84645],[126.22036,39.85062],[126.22716,39.84938],[126.23286,39.84522],[126.23966,39.84645],[126.24367,39.84938],[126.25216,39.85062],[126.25617,39.85355],[126.26883,39.85478],[126.27284,39.85772],[126.27917,39.85833],[126.27978,39.86466],[126.28345,39.86967],[126.29367,39.87438],[126.30337,39.87579],[126.30498,39.88683],[126.3338,39.88812],[126.33951,39.88395],[126.35047,39.88272],[126.35625,39.88694],[126.36034,39.88395],[126.36567,39.88272],[126.36728,39.89383],[126.37022,39.89784],[126.37083,39.90417],[126.36738,39.90505],[126.3661,39.91471],[126.36307,39.91862],[126.36186,39.93659],[126.35502,39.93835],[126.35332,39.94498],[126.34779,39.9464],[126.3345,39.95874],[126.33277,39.96325],[126.33693,39.96862],[126.33807,39.97795],[126.33333,39.97917],[126.33248,39.98248],[126.32917,39.98333],[126.32952,39.98576],[126.33298,39.98924],[126.33369,39.99826],[126.33715,40.00174],[126.3375,40.00833],[126.35,40.00833],[126.35759,40.01307],[126.36471,40.01193],[126.37279,40.00473],[126.38245,40.00346],[126.3843,39.99623],[126.38946,39.99223],[126.39804,39.9911],[126.4125,39.98333],[126.41316,39.99071],[126.41862,39.99527],[126.42304,39.9964],[126.43112,40.0036],[126.43971,40.00473],[126.45196,40.01193],[126.46161,40.01321],[126.46347,40.02044],[126.46862,40.02443],[126.48971,40.0339],[126.49509,40.03807],[126.51576,40.03687],[126.51667,40.03333],[126.53333,40.03333],[126.53424,40.03686],[126.55221,40.03807],[126.56029,40.04527],[126.56471,40.0464],[126.56965,40.05023],[126.5714,40.05515],[126.5589,40.06862],[126.55777,40.07575],[126.56193,40.08112],[126.5625,40.0875],[126.56862,40.0911],[126.57721,40.09223],[126.58554,40.0964],[126.59362,40.1036],[126.60743,40.10483],[126.60833,40.10833],[126.61667,40.10833],[126.61702,40.11076],[126.62254,40.11631],[126.62742,40.11702],[126.64131,40.13088],[126.64202,40.13576],[126.64754,40.14131],[126.65242,40.14202],[126.66424,40.15381],[126.68088,40.15452],[126.68508,40.15035],[126.69338,40.14965],[126.69758,40.15381],[126.70659,40.15452],[126.71214,40.16004],[126.71285,40.16421],[126.70835,40.16875],[126.72881,40.18924],[126.72917,40.19167],[126.76909,40.19202],[126.77329,40.19619],[126.78159,40.19548],[126.78508,40.19202],[126.8,40.19167],[126.80057,40.19804],[126.80456,40.2032],[126.81189,40.20508],[126.81307,40.23138],[126.8161,40.23529],[126.81738,40.24495],[126.82304,40.2464],[126.83112,40.2536],[126.84078,40.25488],[126.84167,40.27083],[126.85638,40.2714],[126.86029,40.27443],[126.86888,40.27557],[126.87279,40.2786],[126.88245,40.27988],[126.88418,40.28665],[126.88971,40.28807],[126.89487,40.29206],[126.8964,40.29804],[126.89943,40.30196],[126.9,40.30833],[126.90453,40.3095],[126.89527,40.3199],[126.9036,40.33112],[126.9093,40.34544],[126.91446,40.34943],[126.91667,40.35],[126.92279,40.3464],[126.93138,40.34527],[126.93971,40.3411],[126.94906,40.33277],[126.95221,40.3339],[126.96982,40.35057],[126.99388,40.34943],[127.01888,40.33693],[127.02823,40.3286],[127.03971,40.32973],[127.04509,40.3339],[127.04919,40.33233],[127.05473,40.31862],[127.0586,40.31364],[127.05417,40.3125],[127.05417,40.30417],[127.07326,40.30381],[127.07674,40.30035],[127.08138,40.29943],[127.08946,40.29223],[127.09804,40.2911],[127.11029,40.2839],[127.11582,40.28248],[127.11582,40.27585],[127.1125,40.275],[127.10464,40.26042],[127.1089,40.25491],[127.10777,40.24779],[127.10473,40.24388],[127.1036,40.22696],[127.08693,40.2051],[127.08807,40.20196],[127.1036,40.18554],[127.10502,40.18002],[127.10833,40.17917],[127.10833,40.175],[127.11442,40.17864],[127.13558,40.1797],[127.14073,40.18386],[127.14507,40.18242],[127.14583,40.17917],[127.16076,40.17881],[127.16424,40.17535],[127.16667,40.175],[127.16702,40.16424],[127.17465,40.15659],[127.175,40.15417],[127.17465,40.14341],[127.17119,40.13992],[127.17048,40.13508],[127.16631,40.13088],[127.16702,40.11841],[127.17048,40.11492],[127.17083,40.10417],[127.14785,40.10354],[127.14381,40.10063],[127.12702,40.09937],[127.11869,40.0952],[127.11048,40.08813],[127.10619,40.08687],[127.09699,40.07894],[127.0952,40.07285],[127.08396,40.06048],[127.0827,40.0496],[127.08687,40.04381],[127.08813,40.0301],[127.0746,40.02854],[127.06881,40.0327],[127.05794,40.03396],[127.05,40.02917],[127.04943,40.02279],[127.04527,40.01741],[127.0464,40.01029],[127.04943,40.00638],[127.05057,39.99362],[127.0536,39.98971],[127.05502,39.98418],[127.06192,39.98241],[127.07027,39.97304],[127.07168,39.96335],[127.075,39.9625],[127.07535,39.95591],[127.07881,39.95242],[127.07952,39.94341],[127.08715,39.93576],[127.08785,39.93091],[127.10798,39.91076],[127.10833,39.8875],[127.10591,39.88715],[127.10035,39.88162],[127.09965,39.86079],[127.10381,39.85659],[127.10417,39.85417],[127.09583,39.85417],[127.09495,39.85071],[127.08529,39.84943],[127.07991,39.84527],[127.07279,39.8464],[127.06888,39.84943],[127.06029,39.85057],[127.05491,39.85473],[127.04362,39.8536],[127.02721,39.83807],[127.02168,39.83665],[127.01998,39.83002],[127.01667,39.82917],[127.0,39.82917],[126.99915,39.83248],[126.97571,39.84255],[126.97443,39.85221],[126.96577,39.86176],[126.95759,39.86307],[126.95221,39.8589],[126.91175,39.85777],[126.89804,39.8661],[126.86446,39.86723],[126.86054,39.87027],[126.85417,39.87083],[126.84388,39.86307],[126.82696,39.86193],[126.82304,39.8589],[126.80196,39.85777],[126.79804,39.85473],[126.78529,39.8536],[126.78138,39.85057],[126.77585,39.84915],[126.77465,39.83508],[126.77119,39.83159],[126.77027,39.81446],[126.7589,39.80221],[126.75777,39.78946],[126.75473,39.78554],[126.75332,39.78002],[126.74623,39.7782],[126.74223,39.77304],[126.7411,39.76862],[126.7339,39.76054],[126.73277,39.74779],[126.72027,39.73432],[126.7218,39.72999],[126.72721,39.7286],[126.73946,39.7214],[126.75221,39.72027],[126.75612,39.71723],[126.76578,39.71596],[126.76667,39.7125],[126.75638,39.70473],[126.75085,39.70332],[126.74915,39.69668],[126.74362,39.69527],[126.73971,39.69223],[126.73112,39.6911],[126.72721,39.68807],[126.71862,39.68693],[126.69804,39.6714],[126.66862,39.67027],[126.66458,39.66714],[126.66054,39.67027],[126.65196,39.6714],[126.64583,39.675],[126.63529,39.67443],[126.63013,39.67044],[126.62827,39.66316],[126.60833,39.6625],[126.60538,39.66723],[126.60417,39.6625],[126.59673,39.66184],[126.59583,39.65833],[126.60196,39.65473],[126.61054,39.6536],[126.61862,39.6464],[126.66054,39.64527],[126.67425,39.63693],[126.69804,39.63807],[126.70342,39.64223],[126.71161,39.64093],[126.72037,39.62707],[126.71307,39.61888],[126.71165,39.61335],[126.7036,39.61129],[126.70833,39.6],[126.70306,39.5878],[126.69383,39.57978],[126.67997,39.57843],[126.67855,39.56867],[126.67407,39.55926],[126.66841,39.55798],[126.66492,39.55452],[126.6625,39.55417],[126.6631,39.53436],[126.67279,39.52557],[126.68138,39.52443],[126.68529,39.5214],[126.69082,39.51998],[126.69223,39.51446],[126.69527,39.51054],[126.69654,39.50093],[126.70612,39.49223],[126.72083,39.49167],[126.7218,39.4879],[126.72696,39.4839],[126.73658,39.48263],[126.74223,39.47585],[126.73807,39.46888],[126.73688,39.44674],[126.72956,39.44487],[126.72027,39.42991],[126.72443,39.42304],[126.7257,39.41342],[126.73112,39.4089],[126.73554,39.40777],[126.74092,39.4036],[126.75,39.40833],[126.74943,39.39779],[126.7464,39.39388],[126.74512,39.38422],[126.73835,39.38248],[126.73661,39.37571],[126.72696,39.37443],[126.72304,39.3714],[126.71733,39.36993],[126.7161,39.35612],[126.71307,39.35221],[126.71158,39.34642],[126.7,39.3375],[126.70035,39.33091],[126.70415,39.32708],[126.69965,39.32255],[126.70035,39.31841],[126.71215,39.30659],[126.7125,39.3],[126.71909,39.29965],[126.72329,39.29548],[126.74409,39.29619],[126.75174,39.30381],[126.76492,39.30452],[126.76841,39.30798],[126.77415,39.30918],[126.77585,39.31582],[126.80221,39.3161],[126.80612,39.31307],[126.82721,39.31193],[126.83112,39.3089],[126.83679,39.30745],[126.83807,39.29779],[126.84527,39.28971],[126.84654,39.28009],[126.85332,39.27443],[126.86888,39.27557],[126.87696,39.28277],[126.88554,39.2839],[126.88946,39.28693],[126.90638,39.28807],[126.9125,39.29167],[126.91347,39.2879],[126.91862,39.2839],[126.92434,39.28243],[126.92557,39.26862],[126.93693,39.25638],[126.9412,39.24792],[126.92973,39.22721],[126.93013,39.2129],[126.93529,39.2089],[126.9491,39.20767],[126.95,39.20417],[126.95242,39.20452],[126.96008,39.21215],[126.96492,39.21285],[126.96912,39.21702],[126.98576,39.21631],[126.98958,39.21251],[126.99412,39.21702],[127.00242,39.21631],[127.01008,39.20869],[127.02917,39.20833],[127.02973,39.20196],[127.03277,39.19804],[127.0343,39.19206],[127.03958,39.18797],[127.04509,39.19223],[127.07409,39.19106],[127.07443,39.18112],[127.0714,39.17721],[127.07023,39.13842],[127.06315,39.1366],[127.05045,39.12292],[127.0589,39.11344],[127.05777,39.10196],[127.04943,39.0926],[127.05057,39.08529],[127.06193,39.07304],[127.0661,39.06471],[127.06574,39.05926],[127.05633,39.05478],[127.04663,39.05337],[127.04522,39.04367],[127.03812,39.03549],[127.03333,39.025],[127.02674,39.02465],[127.02326,39.02119],[127.00417,39.02083],[127.00477,39.00092],[127.01165,38.99915],[127.01307,38.99362],[127.0161,38.98971],[127.01723,38.98112],[127.02027,38.97721],[127.0214,38.96862],[127.0292,38.95987],[127.02304,38.95473],[127.01731,38.95326],[127.00473,38.93971],[126.99965,38.92674],[126.99619,38.92326],[126.99548,38.91841],[126.99202,38.91492],[126.99167,38.90833],[126.97703,38.90769],[126.9687,38.90352],[126.96047,38.89648],[126.9452,38.89519],[126.93547,38.90352],[126.92287,38.90481],[126.9188,38.90769],[126.89675,38.90898],[126.89519,38.8937],[126.87981,38.87713],[126.87564,38.8688],[126.87465,38.86008],[126.87119,38.85659],[126.87083,38.85417],[126.87329,38.85381],[126.87881,38.84826],[126.87952,38.84341],[126.88298,38.83992],[126.88369,38.83508],[126.88749,38.83125],[126.87535,38.81909],[126.87465,38.81008],[126.87119,38.80659],[126.87048,38.79758],[126.86631,38.79338],[126.86702,38.77674],[126.87535,38.76838],[126.87465,38.76424],[126.86702,38.75659],[126.86667,38.75417],[126.85174,38.75452],[126.84826,38.75798],[126.84412,38.75869],[126.83786,38.75246],[126.83715,38.74758],[126.82535,38.73576],[126.82465,38.72674],[126.82119,38.72326],[126.82048,38.71008],[126.81702,38.70659],[126.81631,38.70174],[126.81285,38.69826],[126.81215,38.69412],[126.81665,38.68958],[126.81079,38.68369],[126.80591,38.68298],[126.80242,38.67952],[126.79758,38.67881],[126.78992,38.67119],[126.77917,38.67083],[126.77832,38.66752],[126.77279,38.6661],[126.76888,38.66307],[126.75612,38.66193],[126.75075,38.65777],[126.73112,38.6589],[126.72304,38.6661],[126.70638,38.67443],[126.69779,38.67557],[126.69241,38.67973],[126.67696,38.6786],[126.67158,38.67443],[126.66446,38.67557],[126.65638,38.68277],[126.65,38.68333],[126.64915,38.68665],[126.6375,38.69167],[126.63665,38.69498],[126.62988,38.69672],[126.6286,38.70638],[126.6214,38.71446],[126.62013,38.72408],[126.61471,38.7286],[126.59943,38.73455],[126.60057,38.74388],[126.61193,38.75612],[126.6132,38.76575],[126.62083,38.77083],[126.62027,38.77721],[126.61723,38.78112],[126.61582,38.78665],[126.61029,38.78807],[126.59804,38.79943],[126.59362,38.80057],[126.58337,38.80986],[126.58703,38.81458],[126.5839,38.81862],[126.58242,38.83273],[126.54906,38.8339],[126.53971,38.82557],[126.53259,38.82443],[126.52708,38.8287],[126.52304,38.82557],[126.51156,38.82443],[126.50221,38.83277],[126.45833,38.83333],[126.45502,38.83248],[126.45417,38.82917],[126.44804,38.83277],[126.43871,38.8339],[126.4366,38.82567],[126.42406,38.82443],[126.41471,38.83277],[126.40833,38.83333],[126.40869,38.82258],[126.41215,38.81909],[126.4125,38.8125],[126.39235,38.79916],[126.39105,38.77701],[126.3825,38.76737],[126.36349,38.76597],[126.35895,38.75633],[126.35752,38.74648],[126.32674,38.74619],[126.31076,38.76215],[126.30662,38.76285],[126.29792,38.75418],[126.29409,38.75798],[126.275,38.75833],[126.27438,38.74367],[126.26306,38.72291],[126.27145,38.71324],[126.26605,38.70464],[126.26756,38.69631],[126.27701,38.68812],[126.28534,38.68395],[126.2961,38.68238],[126.29228,38.67716],[126.29058,38.67119],[126.27716,38.65895],[126.26714,38.65355],[126.26034,38.65478],[126.2463,38.66312],[126.2424,38.66128],[126.24105,38.65201],[126.23812,38.64799],[126.2375,38.6375],[126.2412,38.63125],[126.2338,38.61875],[126.23693,38.61471],[126.23807,38.59779],[126.24527,38.58971],[126.24668,38.58418],[126.25221,38.58277],[126.26667,38.57083],[126.26702,38.56421],[126.27258,38.55869],[126.28576,38.55798],[126.28924,38.55452],[126.29409,38.55381],[126.29758,38.55035],[126.30833,38.55],[126.30833,38.54583],[126.31471,38.54527],[126.31862,38.54223],[126.33554,38.5411],[126.33946,38.53807],[126.3452,38.53659],[126.3464,38.51862],[126.35417,38.50833],[126.35381,38.50174],[126.35035,38.49826],[126.34965,38.48508],[126.34548,38.48088],[126.34619,38.47258],[126.34965,38.46909],[126.35036,38.46421],[126.35591,38.45869],[126.36492,38.45798],[126.36841,38.45452],[126.37742,38.45381],[126.38162,38.44965],[126.38576,38.45035],[126.38924,38.45381],[126.4,38.45417],[126.4,38.42917],[126.38947,38.42859],[126.38136,38.42141],[126.35614,38.42025],[126.3522,38.41725],[126.34099,38.41609],[126.33449,38.42105],[126.33275,38.41447],[126.32884,38.40935],[126.32156,38.40742],[126.3201,38.39669],[126.31375,38.39525],[126.31163,38.4033],[126.30614,38.40475],[126.2772,38.42025],[126.26864,38.42141],[126.26458,38.42451],[126.25614,38.42025],[126.25073,38.41579],[126.24942,38.40614],[126.24017,38.39588],[126.23541,38.39951],[126.2272,38.39225],[126.2228,38.39109],[126.21053,38.37975],[126.20417,38.37917],[126.20452,38.37674],[126.20869,38.37255],[126.20798,38.35591],[126.20035,38.34826],[126.2009,38.34233],[126.20833,38.34167],[126.20923,38.33816],[126.22083,38.3375],[126.22136,38.32275],[126.22553,38.31761],[126.22409,38.31327],[126.21762,38.31174],[126.20886,38.30225],[126.20833,38.29583],[126.19362,38.29527],[126.18554,38.28807],[126.17721,38.2839],[126.16029,38.28277],[126.15638,38.27973],[126.12279,38.2786],[126.11763,38.2746],[126.1161,38.26862],[126.1115,38.26311],[126.08529,38.26193],[126.08138,38.2589],[126.07571,38.25745],[126.07443,38.24779],[126.0714,38.24388],[126.06998,38.23835],[126.06446,38.23693],[126.0593,38.23294],[126.05833,38.22917],[126.06728,38.2174],[126.06575,38.20862],[126.06049,38.20478],[126.05067,38.20335],[126.05,38.1875],[126.03525,38.18697],[126.02308,38.1797],[126.01442,38.17864],[126.01058,38.17553],[125.99775,38.17447],[125.99375,38.17123],[125.98826,38.17595],[125.98673,38.18242],[125.98239,38.18386],[125.96743,38.17405],[125.96667,38.15],[125.9625,38.15],[125.96159,38.14646],[125.95,38.14583],[125.94919,38.14899],[125.94509,38.15057],[125.93958,38.1463],[125.93447,38.15026],[125.93243,38.1423],[125.91446,38.1411],[125.90221,38.1339],[125.89362,38.13277],[125.88529,38.1286],[125.87976,38.12399],[125.87917,38.10417],[125.87288,38.10351],[125.86046,38.09649],[125.85149,38.09518],[125.84934,38.10212],[125.84567,38.10739],[125.83538,38.10899],[125.82442,38.11732],[125.81462,38.10899],[125.80566,38.10768],[125.80066,38.11871],[125.79926,38.14096],[125.76225,38.14232],[125.75204,38.13684],[125.73962,38.12566],[125.72258,38.12465],[125.71909,38.12119],[125.71424,38.12048],[125.70869,38.11496],[125.70798,38.11008],[125.70452,38.10659],[125.70417,38.10417],[125.70174,38.10452],[125.69826,38.10798],[125.68924,38.10869],[125.68159,38.11631],[125.66841,38.11702],[125.66492,38.12048],[125.64583,38.12083],[125.64228,38.12701],[125.64099,38.149],[125.63133,38.15355],[125.61867,38.15478],[125.61466,38.15772],[125.60617,38.15895],[125.60216,38.16188],[125.59367,38.16312],[125.58966,38.16605],[125.55498,38.16733],[125.55355,38.17716],[125.54554,38.18639],[125.54167,38.1875],[125.54131,38.18992],[125.52535,38.20591],[125.525,38.20833],[125.51667,38.20417],[125.51631,38.21076],[125.51079,38.21631],[125.50591,38.21702],[125.48159,38.24131],[125.47674,38.24202],[125.47326,38.24548],[125.47083,38.24583],[125.47083,38.25],[125.45918,38.25502],[125.45748,38.26165],[125.45196,38.26307],[125.44388,38.27027],[125.43112,38.2714],[125.42401,38.27557],[125.41054,38.26307],[125.39583,38.2625],[125.39548,38.27326],[125.38996,38.27881],[125.38508,38.27952],[125.38125,38.28332],[125.37742,38.27952],[125.36008,38.27952],[125.35452,38.28504],[125.35417,38.2875],[125.35452,38.30242],[125.35798,38.30591],[125.35833,38.325],[125.35174,38.32535],[125.34826,38.32881],[125.33162,38.32952],[125.32742,38.32535],[125.32258,38.32465],[125.31909,38.32119],[125.30833,38.32083],[125.30777,38.34388],[125.30057,38.35196],[125.29929,38.36161],[125.29362,38.36307],[125.2882,38.36759],[125.28679,38.37828],[125.28112,38.37973],[125.27149,38.38847],[125.27027,38.40221],[125.26723,38.40612],[125.26582,38.41165],[125.25901,38.4134],[125.25777,38.42575],[125.26193,38.43112],[125.26307,38.44804],[125.2661,38.45196],[125.26667,38.46667],[125.2741,38.46733],[125.275,38.47083],[125.27443,38.47721],[125.2714,38.48112],[125.27012,38.49078],[125.26667,38.49167],[125.2625,38.5],[125.26492,38.50035],[125.26841,38.50381],[125.27326,38.50452],[125.28508,38.51631],[125.29409,38.51702],[125.29758,38.52048],[125.30242,38.52119],[125.31078,38.52952],[125.31492,38.52881],[125.31841,38.52535],[125.32326,38.52465],[125.32674,38.52119],[125.35,38.52083],[125.35332,38.51998],[125.35417,38.51667],[125.39409,38.51631],[125.39829,38.51215],[125.40242,38.51285],[125.40662,38.51702],[125.42326,38.51631],[125.42674,38.51285],[125.43333,38.5125],[125.43687,38.51869],[125.43826,38.53257],[125.45058,38.53383],[125.45794,38.52854],[125.46458,38.53275],[125.47083,38.52917],[125.47119,38.53159],[125.47465,38.53508],[125.475,38.55417],[125.47415,38.55748],[125.4661,38.55955],[125.46736,38.56989],[125.47696,38.5786],[125.48248,38.58002],[125.48418,38.58665],[125.49108,38.58842],[125.49943,38.59779],[125.50089,38.60346],[125.51158,38.60487],[125.5161,38.61029],[125.51763,38.61627],[125.52279,38.62027],[125.53554,38.6214],[125.54092,38.62557],[125.54925,38.62027],[125.55336,38.62184],[125.55502,38.62832],[125.56054,38.62973],[125.56592,38.6339],[125.57292,38.62964],[125.57917,38.63333],[125.57832,38.63665],[125.57279,38.63807],[125.55924,38.65065],[125.55777,38.65638],[125.55473,38.66029],[125.55417,38.67083],[125.55662,38.67119],[125.56249,38.67708],[125.55833,38.68127],[125.56424,38.68715],[125.56667,38.6875],[125.56631,38.68992],[125.55869,38.69758],[125.55833,38.7],[125.5625,38.7],[125.56399,38.69518],[125.5701,38.69685],[125.57159,38.71593],[125.58333,38.71667],[125.58248,38.72415],[125.57585,38.72585],[125.57443,38.73138],[125.56985,38.73687],[125.55196,38.73807],[125.53971,38.74527],[125.53112,38.7464],[125.52566,38.75096],[125.525,38.75833],[125.51888,38.76193],[125.50922,38.76321],[125.50777,38.76888],[125.50321,38.77434],[125.49583,38.775],[125.49548,38.77742],[125.48996,38.78298],[125.48508,38.78369],[125.47952,38.78921],[125.47881,38.79409],[125.47329,38.79965],[125.45591,38.80035],[125.45242,38.80381],[125.44758,38.80452],[125.43576,38.81631],[125.43091,38.81702],[125.42536,38.82254],[125.42465,38.82742],[125.42119,38.83091],[125.42048,38.83576],[125.41079,38.84548],[125.40591,38.84619],[125.40242,38.84965],[125.39758,38.85035],[125.39409,38.85381],[125.38995,38.85452],[125.38542,38.85001],[125.37536,38.86005],[125.37465,38.86909],[125.36912,38.87464],[125.36424,38.87535],[125.36076,38.87881],[125.35174,38.87952],[125.34826,38.88298],[125.33924,38.88369],[125.33576,38.88715],[125.33333,38.8875],[125.3339,38.89804],[125.3426,38.90763],[125.35328,38.90904],[125.35452,38.91909],[125.35798,38.92258],[125.35777,38.93971],[125.35057,38.95196],[125.34915,38.95748],[125.34362,38.9589],[125.33751,38.964],[125.3411,38.96862],[125.34223,38.97304],[125.34943,38.98112],[125.35057,38.98825],[125.34583,38.99583],[125.34229,38.99674],[125.34202,39.01495],[125.34792,39.02082],[125.35208,39.01668],[125.35591,39.02048],[125.37742,39.02119],[125.38091,39.02465],[125.38576,39.02535],[125.38924,39.02881],[125.39167,39.02917],[125.39223,39.03554],[125.39943,39.04779],[125.40085,39.05332],[125.40638,39.05473],[125.4241,39.07151],[125.42557,39.07721],[125.4287,39.08125],[125.4246,39.08653],[125.40907,39.09255],[125.40777,39.10075],[125.41193,39.10612],[125.41307,39.11325],[125.4089,39.11862],[125.4089,39.12721],[125.41193,39.13112],[125.41335,39.13665],[125.41888,39.13807],[125.42386,39.14193],[125.42588,39.13407],[125.43408,39.13277],[125.44779,39.1411],[125.45453,39.14283],[125.4463,39.15207],[125.45018,39.15708],[125.45491,39.1589],[125.46029,39.15473],[125.46471,39.1536],[125.47279,39.1464],[125.50075,39.14527],[125.50612,39.14943],[125.51165,39.15085],[125.51307,39.15638],[125.5161,39.16029],[125.51723,39.16962],[125.5125,39.17083],[125.51285,39.17326],[125.51838,39.17881],[125.52326,39.17952],[125.52881,39.18504],[125.52917,39.1875],[125.53333,39.1875],[125.53399,39.19379],[125.54518,39.20621],[125.54689,39.21177],[125.56593,39.21326],[125.56738,39.23643],[125.57402,39.23848],[125.575,39.25],[125.58117,39.25355],[125.59093,39.25497],[125.59228,39.26883],[125.60772,39.28534],[125.60949,39.29155],[125.61451,39.29522],[125.62083,39.29583],[125.62048,39.29826],[125.61702,39.30174],[125.61631,39.31005],[125.62048,39.31424],[125.62119,39.31909],[125.62465,39.32258],[125.625,39.325],[125.62824,39.32593],[125.63014,39.33257],[125.63966,39.33395],[125.64907,39.33843],[125.65116,39.34572],[125.65617,39.34938],[125.66593,39.3508],[125.66728,39.36466],[125.67182,39.37428],[125.68549,39.37562],[125.7076,39.39228],[125.71883,39.39105],[125.72701,39.38395],[125.73333,39.38333],[125.73576,39.38369],[125.73924,39.38715],[125.76165,39.38835],[125.76307,39.39388],[125.77443,39.41446],[125.77465,39.42326],[125.76912,39.42881],[125.75174,39.42952],[125.74619,39.43504],[125.74548,39.43921],[125.74965,39.44341],[125.75035,39.44755],[125.73995,39.45798],[125.73091,39.45869],[125.72742,39.46215],[125.72258,39.46285],[125.71076,39.47465],[125.69758,39.47535],[125.68992,39.48298],[125.68508,39.48369],[125.68159,39.48715],[125.67917,39.4875],[125.67952,39.48992],[125.68298,39.49341],[125.68369,39.49826],[125.68749,39.50208],[125.68298,39.50662],[125.68369,39.51912],[125.68924,39.52465],[125.69523,39.52591],[125.69583,39.54167],[125.70638,39.54223],[125.71029,39.54527],[125.71888,39.5464],[125.72279,39.54943],[125.72851,39.5509],[125.72983,39.56577],[125.73554,39.56723],[125.73946,39.57027],[125.75221,39.57027],[125.76446,39.56307],[125.77044,39.56153],[125.77443,39.55638],[125.77621,39.54943],[125.78971,39.55057],[125.79509,39.55473],[125.80329,39.55343],[125.81339,39.52988],[125.82411,39.52846],[125.82621,39.52027],[125.83554,39.5214],[125.84925,39.52973],[125.86054,39.5286],[125.86446,39.52557],[125.86998,39.52415],[125.87083,39.52083],[125.87415,39.52168],[125.87557,39.52721],[125.88286,39.53958],[125.87973,39.54362],[125.8786,39.55638],[125.87557,39.56029],[125.87443,39.56962],[125.89082,39.57585],[125.89258,39.58271],[125.91471,39.5839],[125.91862,39.58693],[125.93554,39.58807],[125.94779,39.59943],[125.95332,39.60085],[125.95417,39.60417],[125.975,39.60417],[125.97585,39.60748],[125.98971,39.61307],[125.99487,39.61706],[125.99583,39.62083],[126.01492,39.62119],[126.01841,39.62465],[126.02083,39.625],[126.02168,39.62832],[126.02852,39.63007],[126.0411,39.64362],[126.04237,39.65325],[126.04779,39.65777],[126.06888,39.6589],[126.08112,39.6661],[126.08665,39.66752],[126.09252,39.68248],[126.09804,39.6839],[126.10612,39.6911],[126.11184,39.69257]]]}},{"type":"Feature","properties":{"name":"청천강","mainBas":4060005540,"memberIds":[4060005540],"sourceAreaKm2":5717.3},"geometry":{"type":"Polygon","coordinates":[[[126.41667,40.39583],[126.41723,40.41054],[126.42027,40.41446],[126.42168,40.41998],[126.42832,40.42168],[126.43002,40.42832],[126.43684,40.43007],[126.43815,40.44486],[126.44779,40.4536],[126.46054,40.4536],[126.46862,40.4464],[126.47721,40.44527],[126.48529,40.43807],[126.49804,40.43693],[126.51029,40.42973],[126.51582,40.42832],[126.52205,40.41193],[126.53138,40.41307],[126.53529,40.4161],[126.54804,40.41723],[126.55612,40.42443],[126.56993,40.42566],[126.57168,40.43248],[126.57721,40.4339],[126.58112,40.43693],[126.58971,40.43807],[126.59362,40.4411],[126.60242,40.44131],[126.60591,40.43785],[126.61076,40.43715],[126.61424,40.43369],[126.61912,40.43298],[126.62465,40.42742],[126.62535,40.42258],[126.62881,40.41909],[126.62917,40.4125],[126.64826,40.41285],[126.65591,40.42048],[126.66076,40.42119],[126.66424,40.42465],[126.67742,40.42535],[126.68091,40.42881],[126.68576,40.42952],[126.68924,40.43298],[126.69409,40.43369],[126.69964,40.43921],[126.7,40.44167],[126.71888,40.4411],[126.72279,40.43807],[126.72877,40.43653],[126.73277,40.43138],[126.7339,40.42696],[126.7411,40.41888],[126.74288,40.41193],[126.75638,40.41307],[126.76175,40.41723],[126.76994,40.41593],[126.77443,40.41054],[126.77557,40.40612],[126.78277,40.39804],[126.7875,40.3875],[126.78418,40.38665],[126.78369,40.38091],[126.78715,40.37742],[126.78785,40.37258],[126.79202,40.36838],[126.79131,40.35591],[126.77952,40.34409],[126.77917,40.34167],[126.78294,40.3407],[126.78693,40.33554],[126.78835,40.33002],[126.79519,40.32826],[126.80787,40.31459],[126.8036,40.30908],[126.8089,40.30075],[126.80777,40.29362],[126.8036,40.28825],[126.80491,40.28005],[126.81054,40.2786],[126.81458,40.27547],[126.82009,40.27973],[126.8366,40.27852],[126.83835,40.27168],[126.84167,40.27083],[126.84078,40.25488],[126.83112,40.2536],[126.82304,40.2464],[126.81738,40.24495],[126.8161,40.23529],[126.81307,40.23138],[126.81189,40.20508],[126.80456,40.2032],[126.80057,40.19804],[126.8,40.19167],[126.78508,40.19202],[126.78159,40.19548],[126.77329,40.19619],[126.76909,40.19202],[126.72917,40.19167],[126.72881,40.18924],[126.70835,40.16875],[126.71285,40.16421],[126.71214,40.16004],[126.70659,40.15452],[126.69758,40.15381],[126.69338,40.14965],[126.68508,40.15035],[126.68088,40.15452],[126.66424,40.15381],[126.65242,40.14202],[126.64754,40.14131],[126.64202,40.13576],[126.64131,40.13088],[126.62742,40.11702],[126.62254,40.11631],[126.61702,40.11076],[126.61667,40.10833],[126.60833,40.10833],[126.60743,40.10483],[126.59362,40.1036],[126.58554,40.0964],[126.57721,40.09223],[126.56862,40.0911],[126.5625,40.0875],[126.56193,40.08112],[126.55777,40.07575],[126.5589,40.06862],[126.5714,40.05515],[126.56965,40.05023],[126.56471,40.0464],[126.56029,40.04527],[126.55221,40.03807],[126.53424,40.03686],[126.53333,40.03333],[126.51667,40.03333],[126.51576,40.03687],[126.49509,40.03807],[126.48971,40.0339],[126.46862,40.02443],[126.46347,40.02044],[126.46161,40.01321],[126.45196,40.01193],[126.43971,40.00473],[126.43112,40.0036],[126.42304,39.9964],[126.41862,39.99527],[126.41316,39.99071],[126.4125,39.98333],[126.39804,39.9911],[126.38946,39.99223],[126.3843,39.99623],[126.38245,40.00346],[126.37279,40.00473],[126.36471,40.01193],[126.35759,40.01307],[126.35,40.00833],[126.3375,40.00833],[126.33715,40.00174],[126.33369,39.99826],[126.33298,39.98924],[126.32952,39.98576],[126.32917,39.98333],[126.33248,39.98248],[126.33333,39.97917],[126.33807,39.97795],[126.33693,39.96862],[126.33277,39.96325],[126.3345,39.95874],[126.34779,39.9464],[126.35332,39.94498],[126.35502,39.93835],[126.36186,39.93659],[126.36307,39.91862],[126.3661,39.91471],[126.36738,39.90505],[126.37083,39.90417],[126.37022,39.89784],[126.36728,39.89383],[126.36567,39.88272],[126.36034,39.88395],[126.35625,39.88694],[126.35047,39.88272],[126.33951,39.88395],[126.3338,39.88812],[126.30498,39.88683],[126.30337,39.87579],[126.29367,39.87438],[126.28345,39.86967],[126.27978,39.86466],[126.27917,39.85833],[126.27284,39.85772],[126.26883,39.85478],[126.25617,39.85355],[126.25216,39.85062],[126.24367,39.84938],[126.23966,39.84645],[126.23286,39.84522],[126.22716,39.84938],[126.22036,39.85062],[126.21466,39.84645],[126.20496,39.84504],[126.20355,39.83534],[126.19914,39.82983],[126.16593,39.82855],[126.15633,39.83688],[126.1375,39.8375],[126.13715,39.83508],[126.13369,39.83159],[126.13298,39.82674],[126.12952,39.82326],[126.12917,39.8125],[126.12674,39.81215],[126.11492,39.80035],[126.1,39.8],[126.1,39.79583],[126.09527,39.79288],[126.10221,39.7911],[126.11029,39.7839],[126.11862,39.77973],[126.12828,39.77846],[126.1339,39.76592],[126.12404,39.75066],[126.11667,39.75],[126.11631,39.74341],[126.11285,39.73992],[126.11215,39.73508],[126.10381,39.72672],[126.10452,39.72258],[126.11215,39.71492],[126.11184,39.69257],[126.10612,39.6911],[126.09804,39.6839],[126.09252,39.68248],[126.08665,39.66752],[126.08112,39.6661],[126.06888,39.6589],[126.04779,39.65777],[126.04237,39.65325],[126.0411,39.64362],[126.02852,39.63007],[126.02168,39.62832],[126.02083,39.625],[126.01841,39.62465],[126.01492,39.62119],[125.99583,39.62083],[125.99487,39.61706],[125.98971,39.61307],[125.97585,39.60748],[125.975,39.60417],[125.95417,39.60417],[125.95332,39.60085],[125.94779,39.59943],[125.93554,39.58807],[125.91862,39.58693],[125.91471,39.5839],[125.89258,39.58271],[125.89082,39.57585],[125.87443,39.56962],[125.87557,39.56029],[125.8786,39.55638],[125.87973,39.54362],[125.88286,39.53958],[125.87557,39.52721],[125.87415,39.52168],[125.87083,39.52083],[125.86998,39.52415],[125.86446,39.52557],[125.86054,39.5286],[125.84925,39.52973],[125.83554,39.5214],[125.82621,39.52027],[125.82411,39.52846],[125.81339,39.52988],[125.80329,39.55343],[125.79509,39.55473],[125.78971,39.55057],[125.77621,39.54943],[125.77443,39.55638],[125.77044,39.56153],[125.76446,39.56307],[125.75221,39.57027],[125.73946,39.57027],[125.73554,39.56723],[125.72983,39.56577],[125.72851,39.5509],[125.72279,39.54943],[125.71888,39.5464],[125.71029,39.54527],[125.70638,39.54223],[125.69583,39.54167],[125.69523,39.52591],[125.68924,39.52465],[125.68369,39.51912],[125.68298,39.50662],[125.68749,39.50208],[125.68369,39.49826],[125.68298,39.49341],[125.67952,39.48992],[125.67917,39.4875],[125.67258,39.48715],[125.66909,39.48369],[125.66495,39.48298],[125.66076,39.48715],[125.65591,39.48785],[125.65242,39.49131],[125.64758,39.49202],[125.63992,39.49965],[125.61742,39.50074],[125.61591,39.5201],[125.59371,39.52149],[125.58962,39.52434],[125.57892,39.52566],[125.57292,39.52146],[125.56879,39.52434],[125.55204,39.52566],[125.54379,39.53268],[125.53121,39.53816],[125.52296,39.54518],[125.51454,39.54649],[125.51041,39.54937],[125.49975,39.54101],[125.49379,39.54518],[125.48121,39.54649],[125.46798,39.55408],[125.46601,39.56046],[125.45833,39.57083],[125.45833,39.575],[125.4659,39.57577],[125.46667,39.58333],[125.47716,39.58395],[125.48951,39.59105],[125.49926,39.59247],[125.5,39.6],[125.50638,39.60057],[125.51029,39.6036],[125.52304,39.60473],[125.53138,39.6089],[125.54362,39.62027],[125.55638,39.6214],[125.57279,39.63693],[125.5866,39.63816],[125.58835,39.64498],[125.59388,39.6464],[125.60196,39.6536],[125.60833,39.65417],[125.6091,39.66173],[125.62297,39.66314],[125.6327,39.67148],[125.6366,39.66967],[125.63895,39.66186],[125.64519,39.6687],[125.64939,39.67708],[125.64102,39.69134],[125.64231,39.70214],[125.6471,39.71252],[125.65737,39.71763],[125.65898,39.72297],[125.67019,39.73536],[125.67154,39.75729],[125.675,39.75833],[125.6837,39.76967],[125.67696,39.7714],[125.67304,39.77443],[125.66592,39.77557],[125.66042,39.7713],[125.65542,39.77518],[125.6536,39.77991],[125.65786,39.78542],[125.65417,39.79167],[125.65794,39.79263],[125.66193,39.79779],[125.66347,39.80377],[125.66862,39.80777],[125.68138,39.8089],[125.68529,39.81193],[125.70733,39.81312],[125.7161,39.82279],[125.72168,39.83665],[125.72851,39.8384],[125.72973,39.85221],[125.73277,39.85612],[125.7339,39.86129],[125.71442,39.86303],[125.70834,39.86826],[125.71197,39.87275],[125.71303,39.88011],[125.70886,39.88525],[125.7078,39.89261],[125.71197,39.89775],[125.71303,39.90927],[125.70886,39.91442],[125.7078,39.92608],[125.71718,39.9364],[125.71578,39.94089],[125.71025,39.9422],[125.68975,39.96197],[125.68525,39.96303],[125.68141,39.96614],[125.66667,39.96667],[125.66631,39.96909],[125.64829,39.98714],[125.64341,39.98785],[125.6375,39.99373],[125.64131,39.99758],[125.64202,40.01492],[125.65381,40.02674],[125.65345,40.03651],[125.64676,40.03843],[125.63812,40.05617],[125.63671,40.06587],[125.62597,40.06743],[125.625,40.07083],[125.62557,40.10638],[125.6286,40.11029],[125.63002,40.11582],[125.63554,40.11723],[125.64584,40.12657],[125.62858,40.14908],[125.62168,40.15085],[125.62083,40.15417],[125.63248,40.15918],[125.63422,40.16596],[125.64388,40.16723],[125.65417,40.175],[125.65381,40.17742],[125.65035,40.18091],[125.64965,40.18576],[125.64585,40.18958],[125.64965,40.19341],[125.65035,40.21838],[125.64619,40.22258],[125.64583,40.22917],[125.64929,40.23005],[125.65057,40.23971],[125.65456,40.24487],[125.66054,40.2464],[125.66601,40.25096],[125.66723,40.26471],[125.67027,40.26862],[125.67083,40.27917],[125.68992,40.27881],[125.69341,40.27535],[125.70659,40.27465],[125.71424,40.26702],[125.72326,40.26631],[125.73162,40.25798],[125.74409,40.25869],[125.74758,40.26215],[125.75417,40.2625],[125.75473,40.26029],[125.77443,40.23971],[125.77597,40.23373],[125.78112,40.22973],[125.78684,40.22827],[125.7875,40.22083],[125.79804,40.22027],[125.81511,40.20411],[125.82027,40.21029],[125.82173,40.21601],[125.8366,40.21733],[125.83847,40.2246],[125.84375,40.2287],[125.84925,40.22443],[125.85638,40.22557],[125.86446,40.23277],[125.87304,40.2339],[125.88112,40.2411],[125.89388,40.24223],[125.89925,40.2464],[125.90612,40.24223],[125.91578,40.24096],[125.91723,40.23529],[125.92027,40.23138],[125.92083,40.22083],[125.93159,40.22048],[125.93508,40.21702],[125.93992,40.21631],[125.94375,40.21251],[125.94758,40.21631],[125.95242,40.21702],[125.96495,40.22952],[125.97326,40.22881],[125.97674,40.22535],[125.97917,40.225],[125.97952,40.22742],[125.98715,40.23508],[125.98785,40.23992],[125.99338,40.24548],[125.99826,40.24619],[126.00381,40.25171],[126.00417,40.25833],[126.01909,40.25798],[126.02258,40.25452],[126.025,40.25417],[126.03159,40.25452],[126.03508,40.25798],[126.04826,40.25869],[126.05174,40.26215],[126.05417,40.2625],[126.05482,40.26987],[126.06029,40.27443],[126.07304,40.27557],[126.08112,40.28277],[126.09544,40.28847],[126.09943,40.29362],[126.10085,40.29915],[126.10833,40.3],[126.10798,40.30242],[126.10381,40.30662],[126.10452,40.31492],[126.10798,40.31841],[126.10869,40.32326],[126.11215,40.32674],[126.11286,40.33162],[126.11841,40.33715],[126.12326,40.33785],[126.12674,40.34131],[126.13159,40.34202],[126.13508,40.34548],[126.13992,40.34619],[126.14341,40.34965],[126.15242,40.35035],[126.15591,40.35381],[126.15833,40.35417],[126.15798,40.36076],[126.14619,40.37258],[126.14548,40.37742],[126.14202,40.38091],[126.14131,40.38992],[126.13785,40.39341],[126.13715,40.40588],[126.14131,40.41008],[126.14202,40.42326],[126.14548,40.42674],[126.14619,40.43505],[126.13785,40.44341],[126.13684,40.4616],[126.13333,40.4625],[126.13369,40.46909],[126.14338,40.47881],[126.15242,40.47952],[126.15798,40.48505],[126.15833,40.49167],[126.16492,40.49131],[126.17258,40.48369],[126.17742,40.48298],[126.18091,40.47952],[126.18333,40.47917],[126.1839,40.47279],[126.19223,40.46344],[126.1911,40.44779],[126.18693,40.44241],[126.18807,40.43529],[126.1911,40.43138],[126.1923,40.41349],[126.20196,40.40473],[126.20638,40.4036],[126.21175,40.39943],[126.23554,40.40057],[126.24092,40.40473],[126.26054,40.4036],[126.26874,40.3963],[126.27279,40.39943],[126.28971,40.40057],[126.29362,40.4036],[126.30221,40.40473],[126.30759,40.4089],[126.31888,40.40777],[126.32386,40.4039],[126.3259,40.41184],[126.33333,40.4125],[126.34544,40.40737],[126.34943,40.40221],[126.35085,40.39668],[126.35638,40.39527],[126.36862,40.38807],[126.38159,40.38715],[126.38508,40.38369],[126.39167,40.38333],[126.39202,40.38579],[126.40174,40.39548],[126.41667,40.39583]]]}},{"type":"Feature","properties":{"name":"임진강","mainBas":4060005090,"memberIds":[4060005090],"sourceAreaKm2":8114.4},"geometry":{"type":"Polygon","coordinates":[[[127.03333,39.025],[127.03812,39.03549],[127.04522,39.04367],[127.04663,39.05337],[127.05633,39.05478],[127.06574,39.05926],[127.06667,39.0625],[127.06193,39.07304],[127.05057,39.08529],[127.04943,39.0926],[127.05777,39.10196],[127.0589,39.11344],[127.05045,39.12292],[127.06315,39.1366],[127.07023,39.13842],[127.0714,39.17721],[127.07443,39.18112],[127.075,39.1875],[127.08159,39.18715],[127.08924,39.17952],[127.09409,39.17881],[127.10174,39.17119],[127.10659,39.17048],[127.11042,39.16668],[127.11495,39.17119],[127.13992,39.17048],[127.14412,39.16631],[127.14826,39.16702],[127.15591,39.17465],[127.16076,39.17535],[127.16424,39.17881],[127.16667,39.17917],[127.17326,39.17881],[127.17674,39.17535],[127.18576,39.17465],[127.18924,39.17119],[127.19498,39.16998],[127.1968,39.1629],[127.20196,39.1589],[127.20638,39.15777],[127.21446,39.15057],[127.22489,39.14884],[127.23812,39.12284],[127.24938,39.11049],[127.25081,39.10071],[127.27003,39.09929],[127.27145,39.08951],[127.275,39.08333],[127.27465,39.07674],[127.27119,39.07326],[127.27048,39.06424],[127.26702,39.06076],[127.26667,39.04583],[127.27072,39.04467],[127.27438,39.03966],[127.27597,39.0341],[127.28676,39.03253],[127.28786,39.02254],[127.29341,39.01702],[127.29826,39.01631],[127.30174,39.01285],[127.30417,39.0125],[127.30452,39.00174],[127.30798,38.99826],[127.30869,38.98508],[127.31215,38.98159],[127.31285,38.97674],[127.31702,38.97255],[127.31631,38.96424],[127.31251,38.96042],[127.31631,38.95659],[127.31667,38.95417],[127.30612,38.94943],[127.3007,38.94491],[127.29943,38.93529],[127.2964,38.93138],[127.29512,38.92172],[127.28813,38.91993],[127.28693,38.89925],[127.2912,38.89375],[127.27917,38.875],[127.27952,38.86841],[127.28298,38.86492],[127.28369,38.86008],[127.28785,38.85588],[127.28715,38.85174],[127.28369,38.84826],[127.28298,38.83924],[127.27917,38.8354],[127.28508,38.82952],[127.29826,38.82881],[127.30174,38.82535],[127.32742,38.82465],[127.33091,38.82119],[127.34583,38.82083],[127.34619,38.80591],[127.34965,38.80242],[127.35,38.79167],[127.34668,38.79082],[127.34527,38.78529],[127.34223,38.78138],[127.3411,38.77279],[127.33807,38.76888],[127.33693,38.76175],[127.3411,38.75638],[127.34223,38.74092],[127.33807,38.73554],[127.33693,38.70759],[127.3411,38.70221],[127.34223,38.6949],[127.3339,38.68554],[127.33277,38.67696],[127.32557,38.66471],[127.32443,38.65955],[127.33259,38.65745],[127.3339,38.64925],[127.32973,38.64388],[127.3286,38.63112],[127.32546,38.62707],[127.33277,38.61888],[127.33333,38.6],[127.34779,38.58807],[127.35612,38.5839],[127.36545,38.58277],[127.36667,38.5875],[127.36998,38.58835],[127.3718,38.59544],[127.37696,38.59943],[127.38138,38.60057],[127.39362,38.61193],[127.40221,38.61307],[127.40833,38.61667],[127.40798,38.61008],[127.40381,38.60588],[127.40452,38.60174],[127.40832,38.59792],[127.40381,38.59338],[127.40452,38.57258],[127.40798,38.56909],[127.40798,38.56008],[127.40035,38.55242],[127.4,38.55],[127.39668,38.54915],[127.39619,38.54341],[127.39965,38.53992],[127.4,38.5375],[127.40221,38.53807],[127.41029,38.54527],[127.41582,38.54668],[127.4178,38.55443],[127.42279,38.55057],[127.43245,38.54929],[127.4339,38.54362],[127.4411,38.53554],[127.44527,38.52721],[127.4464,38.51446],[127.4589,38.48946],[127.46307,38.48408],[127.46193,38.47696],[127.45473,38.46888],[127.45346,38.45925],[127.44583,38.45417],[127.44655,38.44273],[127.45482,38.44018],[127.45351,38.43121],[127.44976,38.42583],[127.47027,38.42423],[127.48333,38.40833],[127.49826,38.40798],[127.50174,38.40452],[127.50659,38.40381],[127.51008,38.40035],[127.52742,38.39965],[127.53508,38.39202],[127.54409,38.39131],[127.54758,38.38785],[127.55246,38.38714],[127.55832,38.38125],[127.55452,38.37742],[127.55381,38.37258],[127.55035,38.36909],[127.54965,38.36008],[127.54548,38.35588],[127.54619,38.34338],[127.55174,38.33785],[127.56912,38.33715],[127.57535,38.33088],[127.57465,38.32674],[127.57048,38.32255],[127.57119,38.30172],[127.58091,38.29202],[127.58995,38.29131],[127.59548,38.28576],[127.5964,38.27279],[127.60057,38.26741],[127.59899,38.26331],[127.59362,38.26193],[127.58554,38.25473],[127.57975,38.25325],[127.5714,38.24388],[127.56998,38.23835],[127.56446,38.23693],[127.56054,38.2339],[127.54779,38.23277],[127.54388,38.22973],[127.5375,38.22917],[127.53807,38.21862],[127.54165,38.214],[127.53554,38.2089],[127.53112,38.20777],[127.52304,38.20057],[127.50923,38.19934],[127.50777,38.19362],[127.50473,38.18971],[127.5036,38.17279],[127.49162,38.15988],[127.5,38.15417],[127.50085,38.15085],[127.50417,38.15],[127.50381,38.14758],[127.49619,38.13992],[127.49548,38.13504],[127.48992,38.12952],[127.48508,38.12881],[127.48159,38.12535],[127.46005,38.12465],[127.45452,38.11909],[127.45381,38.11424],[127.44548,38.10588],[127.44619,38.05591],[127.44965,38.05242],[127.45,38.05],[127.44779,38.04943],[127.42987,38.0324],[127.4286,38.02279],[127.41723,38.01054],[127.4161,38.00196],[127.40352,37.9884],[127.39779,37.98693],[127.38424,37.97435],[127.38277,37.96862],[127.37973,37.96471],[127.3786,37.96156],[127.38808,37.95092],[127.39498,37.94915],[127.39583,37.94583],[127.38535,37.9452],[127.36881,37.9298],[127.36452,37.92854],[127.35377,37.9202],[127.34641,37.9255],[127.33409,37.92424],[127.3327,37.91035],[127.32917,37.90417],[127.32881,37.88924],[127.32535,37.88576],[127.32464,37.87671],[127.31492,37.86702],[127.29338,37.86631],[127.28785,37.86076],[127.28714,37.85588],[127.28159,37.85035],[127.26029,37.84943],[127.25221,37.84223],[127.24668,37.84082],[127.24495,37.83404],[127.23529,37.83277],[127.23138,37.82973],[127.22585,37.82832],[127.2241,37.82149],[127.21029,37.82027],[127.20092,37.81192],[127.19943,37.80612],[127.18232,37.78812],[127.16175,37.78693],[127.15417,37.79167],[127.14388,37.7839],[127.13002,37.77832],[127.12917,37.775],[127.12258,37.77535],[127.11492,37.78298],[127.1125,37.78333],[127.10633,37.77978],[127.09536,37.77855],[127.08866,37.78345],[127.08688,37.78966],[127.07978,37.79784],[127.07824,37.80324],[127.06874,37.80778],[127.0593,37.79958],[127.05753,37.81179],[127.03951,37.81312],[127.03549,37.81605],[127.0287,37.81728],[127.02199,37.81239],[127.02022,37.80617],[127.00889,37.79376],[127.01194,37.78958],[126.99497,37.76733],[126.96667,37.76667],[126.96054,37.76307],[126.95196,37.76193],[126.94804,37.7589],[126.93423,37.75767],[126.93248,37.75085],[126.92696,37.74943],[126.92304,37.7464],[126.90735,37.74527],[126.89376,37.75787],[126.87842,37.74943],[126.87304,37.7536],[126.86029,37.75473],[126.85196,37.7589],[126.8384,37.77148],[126.83659,37.77854],[126.81446,37.77973],[126.81054,37.78277],[126.79779,37.7839],[126.78554,37.7911],[126.77696,37.79223],[126.7718,37.79623],[126.77083,37.8],[126.73924,37.79965],[126.73576,37.79619],[126.72674,37.79548],[126.72326,37.79202],[126.70833,37.79167],[126.70057,37.80196],[126.69929,37.81161],[126.69362,37.81307],[126.67982,37.82598],[126.67917,37.83333],[126.675,37.83333],[126.67083,37.825],[126.66667,37.825],[126.66667,37.83333],[126.64779,37.83277],[126.64289,37.82897],[126.63817,37.83002],[126.63684,37.84493],[126.63112,37.8464],[126.6257,37.85092],[126.62443,37.86054],[126.61307,37.87279],[126.61165,37.87832],[126.60502,37.88002],[126.59915,37.89498],[126.59583,37.89583],[126.59583,37.90417],[126.59241,37.9052],[126.59089,37.92011],[126.5687,37.92148],[126.55214,37.93686],[126.54658,37.93853],[126.54519,37.95214],[126.54151,37.95733],[126.53301,37.95898],[126.525,37.95417],[126.52535,37.96909],[126.53298,37.97674],[126.53369,38.00242],[126.53715,38.00591],[126.53785,38.01421],[126.53369,38.01841],[126.53418,38.02832],[126.53971,38.02973],[126.55346,38.0426],[126.55488,38.05328],[126.56054,38.05473],[126.56601,38.05929],[126.56667,38.06667],[126.57742,38.06631],[126.58125,38.06251],[126.58508,38.06631],[126.5875,38.06667],[126.58785,38.07326],[126.59131,38.07674],[126.59202,38.08162],[126.59758,38.08715],[126.60242,38.08785],[126.60591,38.09131],[126.61049,38.09228],[126.61593,38.09663],[126.61728,38.11049],[126.62145,38.11883],[126.63394,38.13251],[126.6461,38.13428],[126.64105,38.14214],[126.64527,38.14792],[126.6375,38.1625],[126.64486,38.16315],[126.6536,38.17279],[126.65488,38.18245],[126.66998,38.18835],[126.6714,38.19388],[126.67453,38.19792],[126.67027,38.20342],[126.67202,38.20799],[126.6824,38.21723],[126.68958,38.21297],[126.69362,38.2161],[126.72326,38.21631],[126.73924,38.20035],[126.74583,38.2],[126.75,38.19167],[126.75638,38.19223],[126.76029,38.19527],[126.77826,38.19647],[126.78002,38.20332],[126.78665,38.20502],[126.78693,38.21054],[126.77973,38.21862],[126.77546,38.22709],[126.78277,38.23529],[126.7839,38.23971],[126.7879,38.24487],[126.80351,38.2509],[126.80473,38.26471],[126.80777,38.26862],[126.80918,38.27415],[126.81593,38.27588],[126.81723,38.28408],[126.81307,38.28946],[126.81193,38.29804],[126.8089,38.30196],[126.80777,38.31054],[126.80473,38.31446],[126.80417,38.32083],[126.79804,38.32443],[126.78871,38.32557],[126.78636,38.3164],[126.78138,38.32027],[126.77696,38.3214],[126.76785,38.32951],[126.7661,38.33408],[126.77036,38.33958],[126.76714,38.34375],[126.77027,38.34779],[126.7714,38.35936],[126.75057,38.38112],[126.75,38.40417],[126.73817,38.40933],[126.73682,38.43669],[126.72701,38.43812],[126.72157,38.44247],[126.72119,38.46076],[126.72499,38.46458],[126.72119,38.46841],[126.71986,38.48256],[126.70913,38.48413],[126.70772,38.49383],[126.70324,38.50324],[126.6966,38.50514],[126.69507,38.51569],[126.69167,38.51667],[126.69252,38.51998],[126.69826,38.52119],[126.70798,38.53088],[126.70833,38.53333],[126.72083,38.53333],[126.72119,38.53576],[126.72465,38.53924],[126.725,38.5625],[126.73133,38.56312],[126.73534,38.56605],[126.74901,38.56738],[126.75355,38.57701],[126.75493,38.58653],[126.76451,38.59105],[126.77436,38.59248],[126.77566,38.63243],[126.78138,38.6339],[126.79362,38.6411],[126.80328,38.64238],[126.80417,38.64583],[126.8036,38.65221],[126.80057,38.65612],[126.79915,38.66165],[126.79362,38.66307],[126.78847,38.66706],[126.7875,38.67083],[126.78992,38.67119],[126.79758,38.67881],[126.80242,38.67952],[126.80591,38.68298],[126.81079,38.68369],[126.81665,38.68958],[126.81215,38.69412],[126.81285,38.69826],[126.81631,38.70174],[126.81702,38.70659],[126.82048,38.71008],[126.82119,38.72326],[126.82465,38.72674],[126.82535,38.73576],[126.83715,38.74758],[126.83786,38.75246],[126.84412,38.75869],[126.84826,38.75798],[126.85174,38.75452],[126.86667,38.75417],[126.86702,38.75659],[126.87465,38.76424],[126.87535,38.76838],[126.86702,38.77674],[126.86631,38.79338],[126.87048,38.79758],[126.87119,38.80659],[126.87465,38.81008],[126.87535,38.81909],[126.88749,38.83125],[126.88369,38.83508],[126.88298,38.83992],[126.87952,38.84341],[126.87881,38.84826],[126.87329,38.85381],[126.87083,38.85417],[126.87119,38.85659],[126.87465,38.86008],[126.87564,38.8688],[126.87981,38.87713],[126.89519,38.8937],[126.89675,38.90898],[126.9188,38.90769],[126.92287,38.90481],[126.93547,38.90352],[126.9452,38.89519],[126.96047,38.89648],[126.9687,38.90352],[126.97703,38.90769],[126.99167,38.90833],[126.99202,38.91492],[126.99548,38.91841],[126.99619,38.92326],[126.99965,38.92674],[127.00473,38.93971],[127.01731,38.95326],[127.02304,38.95473],[127.0292,38.95987],[127.0214,38.96862],[127.02027,38.97721],[127.01723,38.98112],[127.0161,38.98971],[127.01307,38.99362],[127.01165,38.99915],[127.00477,39.00092],[127.00417,39.02083],[127.02326,39.02119],[127.02674,39.02465],[127.03333,39.025]]]}}]}
